"Data Source","World Development Indicators",

"Last Updated Date","2026-07-13",

"Country Name","Country Code","Indicator Name","Indicator Code","1960","1961","1962","1963","1964","1965","1966","1967","1968","1969","1970","1971","1972","1973","1974","1975","1976","1977","1978","1979","1980","1981","1982","1983","1984","1985","1986","1987","1988","1989","1990","1991","1992","1993","1994","1995","1996","1997","1998","1999","2000","2001","2002","2003","2004","2005","2006","2007","2008","2009","2010","2011","2012","2013","2014","2015","2016","2017","2018","2019","2020","2021","2022","2023","2024","2025",
"Aruba","ABW","Children out of school (% of primary school age)","SE.PRM.UNER.ZS","","","","","","","","","","","","","","","","","","","","","","","","","","","","","","","","","","","","","","","","6.82960987091065","3.29140996932983","0.519829988479614","1.94416999816895","2.75967001914978","2.03861999511719","0.536949992179871","1.65373003482819","3.47341990470886","2.63326001167297","0.859709978103638","","","","","1.75539994239807","","","","","","","","","","","",
"Africa Eastern and Southern","AFE","Children out of school (% of primary school age)","SE.PRM.UNER.ZS","","","","","","","","","","","","","","","","","","","","","","","","","","","","","","","","","","","","","","","","","","","","","","","","","","","","","","","","","","","","","","","","","","",
"Afghanistan","AFG","Children out of school (% of primary school age)","SE.PRM.UNER.ZS","","","","","","","","","","","","","","","72.4855194091797","","","","","","","","","","","","","","","","","","","68.7715530395508","","","","","","","","","","","","","","","","","","","","","","","","","","","","","","","","",
"Africa Western and Central","AFW","Children out of school (% of primary school age)","SE.PRM.UNER.ZS","","","","","","","","","","","","","","","","","","","","","","","","","","","","","","","","","","","","","","","","","","","","","","","","","","","","","","","","","","","","","","","","","","",
"Angola","AGO","Children out of school (% of primary school age)","SE.PRM.UNER.ZS","","","","","","","","","","","","","","","","","","","","","","","47.3365097045898","50.6850090026855","","","","","","","","","","","","","","","51.4186706542969","","","","","","","","","","11.1943702697754","12.3820295333862","11.8253032356237","12.3548898696899","","","","","","","","","","","","36.7621509877511","","",
"Albania","ALB","Children out of school (% of primary school age)","SE.PRM.UNER.ZS","","","","","","","","","","","","","","","","","","","","","","","","","","","","","","","","","","","","","","","","3.06715989112854","3.1405599117279","3.11346006393433","","1.33887004852295","3.56275010108948","","","","6.73450994491577","5.63090991973877","6.21745775060864","4.50201361249146","2.83354410369902","3.15806658979827","0.383619986322272","0.17577743160329","0.116127897354125","0.687000421293572","1.36746172318297","2.1948544292611","3.96765995025635","6.66523736600306","8.47796728855099","10.8653233005994","0.487619996070862","",
"Andorra","AND","Children out of school (% of primary school age)","SE.PRM.UNER.ZS","","","","","","","","","","","","","","","","","","","","","","","","","","","","","","","","","","","","","","","","","","","","","","","","","","","","","","","9.35560035705566","8.70213031768799","6.68666982650757","6.36901998519897","6.01929998397827","7.06861019134521","8.19291973114014","7.16157007217407","6.75347995758057","0.180910006165505","2.41476988792419","",
"Arab World","ARB","Children out of school (% of primary school age)","SE.PRM.UNER.ZS","","","","","","","","","","","","","","","","","","","","","","","","","","","","","","","","","","","","","","","","","","","","","","","","","","","","","","","","","","","","","","","","","","",
"United Arab Emirates","ARE","Children out of school (% of primary school age)","SE.PRM.UNER.ZS","","","","","","","","","","","","","","","","","","","20.5120697021484","","23.605260848999","26.977560043335","19.7480297088623","23.9225406646729","24.8517398834229","26.5015201568604","26.835319519043","17.9621601104736","15.7176504135132","11.5675201416016","7.60713005065918","6.07474994659424","7.95866012573242","10.2623195648193","10.9724702835083","9.4829797744751","11.9891901016235","14.8895797729492","10.0039501190185","7.83960008621216","","","","","7.49269008636475","8.15991973876953","7.63355016708374","","","","","","","","","","","","0.91313244200475","0.210391466088542","0.120099650250343","0.295246591684059","0.0034098408005504","0.176064095760476","0.0038698924709","",
"Argentina","ARG","Children out of school (% of primary school age)","SE.PRM.UNER.ZS","","","","","","","","","","","5.4071102142334","","","","2.82587003707886","3.22059011459351","","","","","","","","","","","","2.40956997871399","","","","4.16728019714355","","","","","","0","0.732620000839233","0.843479990959167","0.541800022125244","0.586939990520477","0.579219996929169","0.505909979343414","0.124030001461506","0.282070010900497","0.438419997692108","0.555310010910034","0.481610000133514","0.457100003957748","0.17116501610443","0.0094675036029475","0.0208660104068756","0.0693676303766887","0.201323988055031","0.316380499170974","0.514204110325914","0.58172648204325","0.640150279234801","0.619989140117256","0.831545735498041","0.794044917044044","0.747436006133423","0.734622127960727","","",
"Armenia","ARM","Children out of school (% of primary school age)","SE.PRM.UNER.ZS","","","","","","","","","","","","","","","","","","","","","","","","","","","","","","","","","","","","","","","","","","","8.39183044433594","7.308189868927","","6.77396011352539","4.33794021606445","1.81366002559662","","","","4.98233985900879","5.37150001525879","5.93837022781372","8.25212001800537","7.02592992782593","7.42097111001022","7.14211405596931","7.48834918804651","8.4054314226094","8.8741539217861","7.20160981451873","5.35996515462635","3.5092235630957","1.08414540949338","",
"American Samoa","ASM","Children out of school (% of primary school age)","SE.PRM.UNER.ZS","","","","","","","","","","","","","","","","","","","","","","","","","","","","","","","","","","","","","","","","","","","","","","","","","","","","","","","","","","","","","","","","","","",
"Antigua and Barbuda","ATG","Children out of school (% of primary school age)","SE.PRM.UNER.ZS","","","","","","","","","","","","","","","","","","","","","","","","","","","","","","","","","","","","","","","","","","","","","","","","0.361669987440109","0.250919997692108","1.45594000816345","3.28413009643555","1.34687995910645","0.454120010137558","2.92254694966107","1.16086235489221","0.95145155206453","1.19673419688413","1.36870002746582","0.91236465306969","0.235621611859049","","","","1.71101264042263","","",
"Australia","AUS","Children out of school (% of primary school age)","SE.PRM.UNER.ZS","","","","","","","","","","","","","","","","","","","","","","","","","","","","","","","","","","","","","","","","","4.70642995834351","0.4757199883461","0.331279993057251","1.38429999351502","1.11954998970032","0.572629988193512","0.481959998607635","0.261539995670319","0.297419995069504","0.30460000038147","0.323500007390976","2.70568990707398","2.30446004867554","0.0482699982821941","0.0719600021839142","0.0281300004571676","0.0077800001017749","0.0577899999916553","0.191650003194809","0.214039996266365","0.580850005149841","0.367810010910034","0.296409994363785","0.20745000243187","0.124310001730919","",
"Austria","AUT","Children out of school (% of primary school age)","SE.PRM.UNER.ZS","","","","","","","","","","","","","","","","","","","","","","","","","","","","","","","","","","","","","","","","","","1.72769999504089","1.91211998462677","2.00231003761292","1.51944005489349","1.59818994998932","1.95814001560211","1.54342997074127","1.40164005756378","1.41786003112793","1.30095994472504","2.05923008918762","1.92673003673553","1.48000001907349","1.29588997364044","1.34192001819611","1.99799001216888","1.33122003078461","1.25853002071381","1.23357999324799","1.17481005191803","0.947790026664734","1.67592000961304","1.4994900226593","1.42958998680115","",
"Azerbaijan","AZE","Children out of school (% of primary school age)","SE.PRM.UNER.ZS","","","","","","","","","","","","","","","","","","","","","","","","","","","","","","","","","","","","","","","","","8.49330997467041","11.2771902084351","11.7476396560669","13.4315204620361","12.5180501937866","13.0197200775147","12.8424100875854","13.1863203048706","13.3261003494263","11.9742803573608","12.7540222007177","10.5536770586698","7.86047698201053","1.72342846077506","0.745260204592587","1.15666652262265","0.794810065279541","2.03496133641486","3.89434829641888","8.4502532632876","8.19320252446633","8.01099702971196","4.21760629945864","1.53812123784848","0.026582628252437","",
"Burundi","BDI","Children out of school (% of primary school age)","SE.PRM.UNER.ZS","","","","","","","","","","","","","","81.2907867431641","","","","","84.1324996948242","","83.1120681762695","81.6603927612305","78.7845230102539","73.3610534667969","69.0311813354492","64.9426193237305","62.3313102722168","57.5654792785645","54.9381904602051","","","","","54.4748001098633","","","","","","","57.6782989501953","48.8359909057617","48.2017593383789","44.7832489013672","43.2330894470215","39.6177711486816","22.0833892822266","14.5802297592163","6.93048000335693","9.32454967498779","5.83619712937235","5.26817008905179","6.45815446247371","11.9428877906623","8.92743884952403","11.0972663089659","12.6695757119224","16.9222691594483","19.624214828447","21.1397608899175","20.6221497920102","","","","","26.4652690887451",
"Belgium","BEL","Children out of school (% of primary school age)","SE.PRM.UNER.ZS","","","","","","","","","","","","","","","","","","","","","","","","","","","","","","","","","","","","","","","","","","0.116630002856255","0.088299997150898","0.11888000369072","0.590149998664856","0.549780011177063","0.76434999704361","0.926580011844635","1.09429001808167","1.22889995574951","1.29542005062103","2.10103988647461","1.8775600194931","1.80781996250153","1.83106994628906","1.85124003887176","1.9190399646759","1.38223004341126","1.33835995197296","1.34748995304108","1.22926998138428","1.47403001785278","1.224249958992","1.65828001499176","","",
"Benin","BEN","Children out of school (% of primary school age)","SE.PRM.UNER.ZS","","","","","","","","","","","","","","","","","","","","","","","","","53.3914794921875","52.5617408752441","54.4771881103516","","55.1000213623047","54.8150787353516","63.6563491821289","","55.0197601318359","51.2148704528809","50.0442314147949","47.6067199707031","45.4926414489746","42.1248397827148","","","","","","20.9946594238281","17.9652690887451","21.7460308074951","19.1513805389404","","15.2032098770142","9.47467994689941","7.90986013412476","6.93918991088867","4.1090202331543","3.84315991401672","3.48218011856079","","3.03196001052856","7.11569023132324","9.97799968719482","14.4152898788452","14.9921503067017","12.1347198486328","9.61021041870117","","","",
"Burkina Faso","BFA","Children out of school (% of primary school age)","SE.PRM.UNER.ZS","","","","","","","","","","","","89.7125778198242","89.3324127197266","","","","","87.3632431030273","86.8789520263672","86.3749694824219","85.6063079833984","84.6955413818359","83.3127288818359","82.1183013916016","80.8076477050781","78.839469909668","77.0266036987305","75.5482025146484","75.1553268432617","74.9411697387695","","73.9755477905273","73.5637512207031","72.6860122680664","71.5727920532227","70.1078033447266","","","67.0226593017578","66.3867797851562","65.0493698120117","63.9360008239746","64.7803421020508","62.3590087890625","60.145938873291","55.3110504150391","51.7279510498047","46.4918403625488","40.5445594787598","37.6110992431641","41.0314371536782","36.4810510373382","35.5844322087457","34.6926459876261","33.7585869138285","32.4978506858145","27.2310340505434","26.4000565188786","24.4469528214246","25.7999178709986","28.5216992159643","29.057991926484","32.2480013223476","41.9668260451314","34.2876639696398","",
"Bangladesh","BGD","Children out of school (% of primary school age)","SE.PRM.UNER.ZS","","","","","","","","","","","51.0746994018555","","","30.8386993408203","","","25.8171901702881","31.1807804107666","33.0841789245605","","","39.2260284423828","","42.042610168457","42.6977996826172","43.8020401000977","44.1991882324219","44.7602806091309","34.9742393493652","35.1229591369629","32.5710792541504","","","","","","","","","","","","","","","6.82540988922119","7.54250001907349","","13.08899974823","12.9277601242065","9.75356960296631","","","","","","","3.27827669628386","3.3579295505516","","","","7.28624245991406","6.88461537116503","5.86219598592343","",
"Bulgaria","BGR","Children out of school (% of primary school age)","SE.PRM.UNER.ZS","","","","","","","","","","","","","","","","","","","","","","","","","","","","","","","","","","","","","","","","","","1.56787002086639","0.367559999227524","0.376489996910095","0.399159997701645","0.118249997496605","0.16414999961853","0.0710500031709671","0.0664599984884262","1.04875004291534","0.845589995384216","1.48259997367859","2.50696992874146","3.69968008995056","3.25387001037598","2.9882800579071","3.36121988296509","3.53475999832153","4.03474998474121","4.18113994598389","4.21193981170654","5.04082012176514","5.29597997665405","5.71410989761353","5.9025502204895","",
"Bahrain","BHR","Children out of school (% of primary school age)","SE.PRM.UNER.ZS","","","","","","","","","","","","30.8420791625977","30.6128406524658","30.9168300628662","29.1283798217773","23.9833393096924","23.3448696136475","20.4914798736572","20.760440826416","20.1310901641846","20.2870903015137","23.8001403808594","26.6626205444336","24.551139831543","21.0755996704102","16.2073001861572","10.7209196090698","10.3206100463867","6.99563980102539","6.79147005081177","","10.2888498306274","15.7322998046875","15.133020401001","14.649299621582","12.7000198364258","11.5441102981567","10.7469997406006","6.97488021850586","4.87970018386841","7.0863299369812","7.22977018356323","8.95053958892822","10.7152795791626","10.1721000671387","9.96265029907227","4.41539001464844","","","","","6.40638882575366","0.522209907067951","0.419653289956207","0.544773047381397","1.58912341600881","1.68792265332114","1.80671642445557","2.82811147951097","3.01107085515421","","","3.24484274602638","6.71227293433177","4.74693069306931","",
"Bahamas, The","BHS","Children out of school (% of primary school age)","SE.PRM.UNER.ZS","","","","","","","","","","","","","0","5.2917799949646","6.15186977386475","6.67431020736694","7.40047979354858","6.99409008026123","","","5.27442979812622","0.898890018463135","","","3.43368005752564","","","","","","","","0.16788999736309","0.541339993476868","0","","","","","14.1871099472046","","","","","12.5216598510742","8.72436046600342","9.81266975402832","6.14188003540039","4.90198993682861","7.1729998588562","7.05495566145865","1.152232410944","3.21468533583331","","","","","","","","","","","28.9178100618779","15.8760387811634","",
"Bosnia and Herzegovina","BIH","Children out of school (% of primary school age)","SE.PRM.UNER.ZS","","","","","","","","","","","","","","","","","","","","","","","","","","","","","","","","","","","","","","","","","","","","","","","","","","13.5393400192261","10.4861698150635","10.3100500106812","11.5513896942139","11.1616401672363","9.87745952606201","7.92539978027344","4.86941003799438","1.96872997283936","0.703859984874725","","1.84160995483398","1.55016994476318","1.4964599609375","2.0972900390625","","",
"Belarus","BLR","Children out of school (% of primary school age)","SE.PRM.UNER.ZS","","","","","","","","","","","","","","","","","","","","","","","","","","","","","","","","","","","","14.0762901306152","","","","","","0","0.625959992408752","0.435479998588562","1.88443005084991","1.75583004951477","1.41091001033783","1.12297999858856","0.506420016288757","0.713819980621338","0.618499994277954","0.598980009555817","0.63739001750946","0.530505461578883","1.54319002754644","2.18035643866634","2.1535689374564","2.75349159396413","3.53589282556828","4.56070969781347","5.06250961263815","5.05565105285776","5.30326525187187","5.45007173087335","4.49176546006799","",
"Belize","BLZ","Children out of school (% of primary school age)","SE.PRM.UNER.ZS","","","","","","","","","","","","","","","","","","","","","","","","","","","","","","","","","","","","","","","","2.43399000167847","2.46674990653992","2.4143500328064","","1.47666001319885","1.44790005683899","0.329270005226135","0.582279980182648","0.828649997711182","0.997940003871918","1.46040999889374","1.52526010940684","1.51814049232353","0.518516704559889","0.0539573032145039","0.498338436658121","0.390109175550429","0.518670482735969","0.25854678010858","0.441112080966086","0.952858294957428","0.576739522689395","4.07249032783547","8.09312885347341","11.6355845121231","10.6771001746104","",
"Bermuda","BMU","Children out of school (% of primary school age)","SE.PRM.UNER.ZS","","","","","","","","","","","","","","","","","","","15.9267702102661","17.1914005279541","","","","","4.88194990158081","4.02309989929199","","","","","","","","","","","","","","","","","","","","4.57116985321045","","","","","","3.83886003494263","3.41018009185791","","","","","","","","","","","","","",
"Bolivia","BOL","Children out of school (% of primary school age)","SE.PRM.UNER.ZS","","","","","","","","","","","","","","","","","","","","","","","","","","","","","","","","","","","","","","","0.684449970722198","0.449239999055862","0.0838799998164177","0.251419991254807","0.24685999751091","0.412429988384247","0.656499981880188","0.547129988670349","0.5244500041008","0.482520014047623","0.268099993467331","1.44128000736237","4.26254034255191","6.77400028322132","9.79274671273579","10.6139592092445","11.1278044943419","11.1102879051895","10.3521914728104","8.87407618589682","7.2001383088624","5.98522893451079","5.0455910250841","4.16318405420753","3.38125363480333","4.15748449377552","9.25127029418945","",
"Brazil","BRA","Children out of school (% of primary school age)","SE.PRM.UNER.ZS","","","","","","","","","","","","","","","","","","","","","","","","","","","","","","","","","","","","","","","","","","","","","","","","","","","","","6.47427988052368","4.52868986129761","4.42409992218018","4.7732400894165","4.40990018844604","4.24059009552002","4.74346017837524","3.94756007194519","4.14600992202759","4.81032991409302","3.34068989753723","","2.18720006942749","",
"Barbados","BRB","Children out of school (% of primary school age)","SE.PRM.UNER.ZS","","","","","","","","","","","","12.1086797714233","11.22350025177","12.6979398727417","","","11.5967502593994","8.15793037414551","4.72820997238159","3.03307008743286","","1.52997994422913","0.477279990911484","2.16547989845276","","","","","","1.93430995941162","4.40031003952026","","9.77350044250488","","","","","","","0.649760007858276","0.427060008049011","0.530089974403381","1.02305996417999","0.990580022335052","0.613900005817413","2.64384007453919","1.88023996353149","1.98348999023438","1.93034994602203","3.39891004562378","1.77459939080916","2.02029231663165","","","5.29744010203152","4.66325971892681","3.94041105338176","6.80986991342993","6.44362412971357","6.34882834825681","7.67228252861142","9.33820950854166","12.0881905727319","14.4829702362688","17.5962132125952","",
"Brunei Darussalam","BRN","Children out of school (% of primary school age)","SE.PRM.UNER.ZS","","","","","","","","","","","","","","","","","","8.80438041687012","6.61879014968872","15.1946001052856","13.9398899078369","16.9278793334961","18.1494197845459","15.8316602706909","14.3845195770264","","11.4299001693726","","","","","5.83398008346558","5.88860988616943","4.17111015319824","5.08353996276855","3.31259989738464","","","","","","","","","","","","","","","","2.98702594901423","1.5423701844255","2.13775507957444","1.21114049649404","0.761554447001397","1.63832517733581","1.5773957106785","1.62642085453611","1.50655130224878","1.09486415206087","1.79804427168442","0.942116616954849","0.584768139620034","3.61188556501645","",
"Bhutan","BTN","Children out of school (% of primary school age)","SE.PRM.UNER.ZS","","","","","","","","","","","","","","","","","","","77.982421875","75.3237533569336","","","","","","","","","","","","","","","","","","","44.2130088806152","43.3080902099609","41.0828704833984","38.8311195373535","","","","28.7030200958252","23.7219905853271","","16.7646999359131","11.7100296020508","9.42728042602539","8.8895902633667","7.61062002182007","9.13838958740234","","10.8466796875","11.4570598602295","11.7076997756958","9.42405986785889","","5.4622597694397","16.1030261464678","10.0414276444747","11.7719795436394","10.4979156031962","",
"Botswana","BWA","Children out of school (% of primary school age)","SE.PRM.UNER.ZS","","","","","","","","","","","49.9801597595215","52.5803604125977","50.9060211181641","47.4201698303223","42.8758506774902","35.7618408203125","30.9655704498291","26.4261608123779","25.419900894165","24.347620010376","20.3266506195068","14.9999704360962","","11.2363595962524","11.0525903701782","9.0525598526001","8.74468040466309","8.96261024475098","9.25269031524658","8.90550994873047","9.76735973358154","7.68972015380859","8.9314603805542","10.0702800750732","10.6600303649902","20.1025791168213","19.6571006774902","","16.7077903747559","17.3031597137451","16.2190494537354","14.4697198867798","13.9514999389648","13.1866998672485","11.6130304336548","10.5780096054077","9.26850032806396","10.2572898864746","10.9210395812988","11.0650501251221","","","9.07770840796275","10.739824280507","11.9398082011778","","","","","","","","0.535068806191338","","","",
"Central African Republic","CAF","Children out of school (% of primary school age)","SE.PRM.UNER.ZS","","","","","","","","","","","","58.6989784240723","56.5010604858398","54.6053085327148","","","","57.8144989013672","57.2651596069336","","","49.8111381530762","46.4155082702637","42.9259605407715","","","36.7826499938965","47.0830383300781","49.4781188964844","49.7439613342285","41.5922393798828","46.9466896057129","","","","","","","","","","","","","","57.454418182373","57.2520294189453","50.066478729248","41.808219909668","41.510181427002","38.0749702453613","40.4570083618164","37.8948516845703","","","","","","","","","","","","","",
"Canada","CAN","Children out of school (% of primary school age)","SE.PRM.UNER.ZS","","","","","","","","","","","","","","","","","","","","","","","","","","","","","","","","","","","","","","","","","0.587539970874786","","","","","","","","","","","","0.509159982204437","0.613359987735748","0.474709987640381","0.293339997529984","1.44995999336243","1.36775994300842","1.33824002742767","2.81244993209839","3.09102988243103","4.7703800201416","5.26559019088745","4.98995018005371","","",
"Central Europe and the Baltics","CEB","Children out of school (% of primary school age)","SE.PRM.UNER.ZS","","","","","","","","","","","","","","","","","","","","","","","","","","","","","","","","","","","","","","","","","","","","","","","","","","","","","","","","","","","","","","","","","","",
"Switzerland","CHE","Children out of school (% of primary school age)","SE.PRM.UNER.ZS","","","","","","","","","","","","","","","","","","","","","","","","","","","","","","","","","","","","","","","","","0.604170024394989","0.652800023555756","","","","","","","","","","","","","","0.0326999984681606","0.0869100019335747","0.126169994473457","0.130789995193481","0.105669997632503","0.137390002608299","0.235210001468658","0.263319998979568","0.0469899997115135","0.143020004034042","",
"Channel Islands","CHI","Children out of school (% of primary school age)","SE.PRM.UNER.ZS","","","","","","","","","","","","","","","","","","","","","","","","","","","","","","","","","","","","","","","","","","","","","","","","","","","","","","","","","","","","","","","","","","",
"Chile","CHL","Children out of school (% of primary school age)","SE.PRM.UNER.ZS","","","","","","","","","","","","","","","","","","","","","","","","","","","","","","","","","","","","","","","","","","","","","","","","3.35179996490479","3.23663997650146","4.81406021118164","3.32802009582519","3.58455991744995","3.39424991607666","3.35414004325867","2.95795011520386","2.72321009635925","2.48050999641419","2.30256009101868","1.90333998203278","1.60679996013641","2.27495002746582","2.16669988632202","1.29288005828857","1.32958996295929","2.12127995491028","",
"China","CHN","Children out of school (% of primary school age)","SE.PRM.UNER.ZS","","","","","","","","","","","","","","","","","","","","","","","","","","","","3.90201997756958","2.81986999511719","4.60491991043091","7.6913800239563","8.32581996917725","9.4379997253418","9.80873012542725","9.95102977752686","8.79646968841553","7.92662000656128","6.67631006240845","","","","","","","","","","","","","","","","","","","","","","","","","","","","",
"Cote d'Ivoire","CIV","Children out of school (% of primary school age)","SE.PRM.UNER.ZS","","","","","","","","","","","","","","","","","","53.7632484436035","","","","","","","","","","","","","","55.0914192199707","55.070930480957","","","","51.8279991149902","51.0720291137695","","49.8122215270996","50.6646385192871","47.1865310668945","46.953929901123","50.8157005310059","","","","","","50.9214706420898","","","","34.2464387845097","29.5599662881331","27.2279251430508","20.1686513051337","20.4103732311075","17.0757385775597","16.2086093922531","14.9827962161399","17.0939491495179","17.5821561930816","13.1592272040596","12.6030704782369","",
"Cameroon","CMR","Children out of school (% of primary school age)","SE.PRM.UNER.ZS","","","","","","","","","","","","35.7597694396973","36.3443183898926","37.7117805480957","39.6670913696289","33.0795783996582","32.0503807067871","33.5426406860352","32.354808807373","31.581600189209","31.5300006866455","","","","","","","","25.075870513916","","25.4094295501709","27.0281200408936","","","","","","","","","","","","","","","","","12.6500797271728","9.9284200668335","","8.54382038116455","5.80923986434937","","5.16913698875997","4.77418107009732","4.33245409481167","5.76880979537964","","7.45523023605347","","4.41607154486929","3.9333122149023","3.70906098006505","3.76170992851257","",
"Congo, Dem. Rep.","COD","Children out of school (% of primary school age)","SE.PRM.UNER.ZS","","","","","","","","","","","","30.5473308563232","32.4736595153809","","","30.6906204223633","","","","28.236759185791","","","","26.0295391082764","25.3792304992676","","","","37.6541213989258","","","41.4137802124023","42.9032592773438","43.6997909545898","42.4212493896484","35.083869934082","","","","65.3457717895508","","","","","","","","","","","","","","","","","","","","","","","","","","",
"Congo, Rep.","COG","Children out of school (% of primary school age)","SE.PRM.UNER.ZS","","","","","","","","","","","","","22.8099708557129","","16.8173503875732","","14.5693101882935","","10.5719299316406","9.66888999938965","16.5080604553223","16.5863704681396","15.0519895553589","13.6340703964233","11.5529899597168","","","","","","","","","","","","","","","","","","","","","49.7398414611816","45.9260482788086","","","","13.8628902435303","","11.6484804153442","","","","","","21.2425899505615","","","","","17.0770797729492","","",
"Colombia","COL","Children out of school (% of primary school age)","SE.PRM.UNER.ZS","","","","","","","","","","","","","","","","","","","","","","","","","","","","","","","","","","","","","","","","","0","0","0","","0.415069997310638","0.326380014419556","0.172969996929169","0.0850500017404556","0.200949996709824","0.228180006146431","0.269800007343292","0.107179999351502","1.70736002922058","","","3.39695000648498","5.22432994842529","4.07456016540527","4.69546985626221","5.02229022979736","6.11108016967773","6.98671007156372","7.32453012466431","","","",
"Comoros","COM","Children out of school (% of primary school age)","SE.PRM.UNER.ZS","","","","","","","","","","","","","","","","","","","","","","","","24.7081203460693","","","27.3026103973389","33.9329109191895","","","","","","","37.624210357666","","","","","45.8031387329102","39.1638984680176","","","","","","","26.2812309265137","","","","","","5.05375930449501","6.28089972449711","","","8.86785196063006","11.9401956137705","","","25.5434153759691","19.4387607574463","","20.6474464892789","",
"Cabo Verde","CPV","Children out of school (% of primary school age)","SE.PRM.UNER.ZS","","","","","","","","","","","","","","","","","","","","","","20.2835102081299","23.139799118042","26.826379776001","21.790340423584","19.5777606964111","18.4339504241943","17.1509704589844","12.4255800247192","","9.89087009429932","","","","6.76380014419556","","","","3.07690000534058","","3.45282006263733","4.53566980361938","4.10925006866455","3.9976499080658","5.50094985961914","5.15364980697632","5.23484992980957","6.88785982131958","7.7829999923706","8.27340030670166","8.27373482317009","7.84996734363823","5.77352828502107","5.42655756299117","5.11967651470684","4.86389931335114","5.21048032054347","5.05447490174618","3.6877442629522","3.77161873707918","5.32445643013652","4.76350669447622","41.8359960270029","","","",
"Costa Rica","CRI","Children out of school (% of primary school age)","SE.PRM.UNER.ZS","","","","","","","","","","","","","","","","","","","","","","","","","","","","","","","","","","","","","","","","","","","","","","","","","","","","3.03267002105713","4.69504976272583","6.59241008758545","9.12769985198975","8.53184032440186","7.76833009719849","9.89873027801514","6.54640007019043","4.71710014343262","5.30139017105103","6.1168098449707","5.98677015304565","4.72765016555786","4.48607015609741","",
"Caribbean small states","CSS","Children out of school (% of primary school age)","SE.PRM.UNER.ZS","","","","","","","","","","","","","","","","","","","","","","","","","","","","","","","","","","","","","","","","","","","","","","","","","","","","","","","","","","","","","","","","","","",
"Cuba","CUB","Children out of school (% of primary school age)","SE.PRM.UNER.ZS","","","","","","","","","","","","","5.64694976806641","2.82766008377075","2.03514003753662","","","","","3.27251005172729","3.17052006721497","4.18403005599976","3.44962000846863","1.98056995868683","2.60321998596191","4.27487993240356","4.61780023574829","3.76032996177673","3.60430002212524","4.35218000411987","5.0880298614502","5.07712984085083","3.81789994239807","4.36511993408203","3.72587990760803","3.83982992172241","1.29550004005432","0.720650017261505","0.526210010051727","0.403090000152588","0.22095000743866","0.0699800029397011","0.181590005755424","0.423949986696243","0.656899988651276","0.792159974575043","1.23802995681763","0.597850024700165","1.56273996829987","1.17026996612549","1.56056413218201","2.36241256433945","2.00190562032461","0.708523511317772","2.06338384690675","2.4115174972359","2.26921230494474","2.43080471195271","2.20112563963043","1.87495679588819","1.31837175454247","1.27271849451752","3.38216573379943","3.36928110849335","4.68415541703853","",
"Curacao","CUW","Children out of school (% of primary school age)","SE.PRM.UNER.ZS","","","","","","","","","","","","","","","","","","","","","","","","","","","","","","","","","","","","","","","","","","","","","","","","","","","","","","","","","","","","","0.414937914994194","","","3.4170478946877","27.8896102905273","",
"Cayman Islands","CYM","Children out of school (% of primary school age)","SE.PRM.UNER.ZS","","","","","","","","","","","","","","","","","","","","","","","","","","","","","","","","","","","","","","","","5.97665023803711","1.42926001548767","1.93438005447388","1.16800999641419","","3.79147005081177","9.83170986175537","5.32220983505249","0.724979996681213","4.47187995910645","","","1.82529335071708","1.49244027518857","2.19835123657257","","","","","5.86849432426644","5.87105038428693","3.85526599181564","5.48726953467954","2.65369305616984","0.133601742715983","5.16898608349901","",
"Cyprus","CYP","Children out of school (% of primary school age)","SE.PRM.UNER.ZS","","","","","","","","","","","","","","","","","","","","","","","","","","","","","","","","","","","","","","","","","","2.04577994346619","1.11097002029419","1.02859997749329","1.31789994239807","0.986530005931854","0.319339990615845","0.480919986963272","0.0305899996310472","0.123709999024868","0.0345499999821186","0.153239995241165","1.31052005290985","1.63010001182556","2.55131006240845","1.67755997180939","1.37102997303009","1.24734997749329","0.296350002288818","0.200819998979569","0.144240006804466","0.0223699994385242","0.405939996242523","0.425049990415573","","",
"Czechia","CZE","Children out of school (% of primary school age)","SE.PRM.UNER.ZS","","","","","","","","","","","","","","","","","","","","","","","","","","","","","","","","","","","","","","","","","","","","","","","","0.0308100003749132","0.581330001354218","0.55799001455307","1.02986001968384","1.36269998550415","0.441210001707077","0.974690020084381","1.67104005813599","2.11766004562378","2.50768995285034","2.90678000450134","2.07468008995056","1.86357998847961","1.52471005916596","0.0971300005912781","0.0856899991631508","0.809080004692078","","",
"Germany","DEU","Children out of school (% of primary school age)","SE.PRM.UNER.ZS","","","","","","","","","","","","","","","","","","","","","","","","","","","","","","","","","","","","","","","","","","0.490530014038086","2.27610993385315","2.12884998321533","1.98300004005432","1.72378003597259","1.92294001579285","1.61772000789642","1.51818001270294","1.59789001941681","1.08098995685577","0.595790028572083","0.890890002250671","0.912020027637482","1.23104000091553","0.857710003852844","1.74626004695892","1.07963001728058","0.870909988880157","0.956470012664795","1.18655002117157","1.46276998519898","1.91470003128052","0.208550006151199","0.273900002241135","",
"Djibouti","DJI","Children out of school (% of primary school age)","SE.PRM.UNER.ZS","","","","","","","","","","","","","","","","","","","","","","","","","","","","","","","","","","","","","","","","","","","","","","","","","","","","","","","","","","","","","","","","","","",
"Dominica","DMA","Children out of school (% of primary school age)","SE.PRM.UNER.ZS","","","","","","","","","","","","","","","","8.02414989471436","9.12977981567383","6.30338001251221","","11.1505603790283","12.9813499450684","15.345009803772","12.1072397232056","","","","","","","","","","","","","","","","","","3.04787993431091","1.05025005340576","","0.743489980697632","1.17472994327545","0.915390014648438","2.01196002960205","7.73723983764648","8.59963035583496","2.91125988960266","","1.62335002422333","1.86826002597809","3.3982400894165","2.86443996429443","1.80376005172729","4.01170015335083","","","6.41575002670288","3.77389001846314","4.09606981277466","3.35298991203308","3.95188999176025","","",
"Denmark","DNK","Children out of school (% of primary school age)","SE.PRM.UNER.ZS","","","","","","","","","","","","","","","","","","","","","","","","","","","","","","","","","","","","","","","","","","0.259959995746612","0.0011200000299141","","2.45589995384216","1.9535299539566","1.05870997905731","0.507219970226288","0.603690028190613","0.491380006074905","0.60877001285553","0.485350012779236","0.414920002222061","0.495310008525848","0.616819977760315","0.625270009040833","0.676769971847534","0.561770021915436","0.381170004606247","0.403620004653931","0.355190008878708","0.469520002603531","0.586499989032745","0.849179983139038","0.892870008945465","",
"Dominican Republic","DOM","Children out of school (% of primary school age)","SE.PRM.UNER.ZS","","","","","","","","","","","","","25.7262401580811","","","","","","","","","","","","","","","","","","","","","","","","","","","16.3151302337646","12.6465797424316","","5.85179996490479","9.24911975860596","14.5052995681763","13.2513799667358","14.3509502410889","8.25644016265869","11.8727197647095","4.05729007720947","4.55734221698252","4.40542306847974","5.48254417092523","5.72176527274455","7.45064382071886","3.94356855291369","3.79415425185588","4.76543424807355","5.53057204658959","3.86338993740577","3.73536975849768","10.2095267173454","6.0125808705002","4.97284320242588","4.92766046780147","",
"Algeria","DZA","Children out of school (% of primary school age)","SE.PRM.UNER.ZS","","","","","","","","","","","","","","30.5286998748779","25.2402400970459","21.4446601867676","21.2445297241211","22.8903293609619","22.0506401062012","21.9953002929688","20.8399906158447","20.5226898193359","20.6215095520019","20.367639541626","18.0964107513428","16.6042804718018","14.5730199813843","12.6684799194336","11.262149810791","10.6106700897217","10.9546203613281","10.1100196838379","9.70917987823486","10.8927402496338","10.941650390625","10.4919700622559","10.6192903518677","10.6982297897339","","6.67003011703491","5.3092098236084","2.79631996154785","1.15476000308991","0.784990012645721","0.872579991817474","0.515110015869141","0.889069974422455","1.65556001663208","1.23504996299744","1.11155998706818","1.08396967518221","0.827806706053841","0.662716368793761","0.475690034743869","0.4791783100002","0.410926282137215","0.471027879810881","0.416762643091073","0.730036765345809","1.91476876420127","0.248356698756073","0.878874946818741","2.13045046735116","0.930029321400032","1.57951722843147","1.56709141965647",
"East Asia & Pacific (excluding high income)","EAP","Children out of school (% of primary school age)","SE.PRM.UNER.ZS","","","","","","","","","","","","","","","","","","","","","","","","","","","","","","","","","","","","","","","","","","","","","","","","","","","","","","","","","","","","","","","","","","",
"Early-demographic dividend","EAR","Children out of school (% of primary school age)","SE.PRM.UNER.ZS","","","","","","","","","","","","","","","","","","","","","","","","","","","","","","","","","","","","","","","","","","","","","","","","","","","","","","","","","","","","","","","","","","",
"East Asia & Pacific","EAS","Children out of school (% of primary school age)","SE.PRM.UNER.ZS","","","","","","","","","","","","","","","","","","","","","","","","","","","","","","","","","","","","","","","","","","","","","","","","","","","","","","","","","","","","","","","","","","",
"Europe & Central Asia (excluding high income)","ECA","Children out of school (% of primary school age)","SE.PRM.UNER.ZS","","","","","","","","","","","","","","","","","","","","","","","","","","","","","","","","","","","","","","","","","","","","","","","","","","","","","","","","","","","","","","","","","","",
"Europe & Central Asia","ECS","Children out of school (% of primary school age)","SE.PRM.UNER.ZS","","","","","","","","","","","","","","","","","","","","","","","","","","","","","","","","","","","","","","","","","","","","","","","","","","","","","","","","","","","","","","","","","","",
"Ecuador","ECU","Children out of school (% of primary school age)","SE.PRM.UNER.ZS","","","","","","","","","","","","","","","","","","","","","","","","","","","","","","","","","","","","","","","","","6.41556978225708","5.18198013305664","","","","","","","","0.621930003166199","0.517664302844536","0.711394064703969","1.87300337188493","1.97253773854759","1.1351214735924","2.63607392856799","2.71477527188863","2.4621413684255","1.49970973445513","1.63090571306541","1.3624274182174","1.63506805792928","1.67517768333642","4.72380630473681","","",
"Egypt, Arab Rep.","EGY","Children out of school (% of primary school age)","SE.PRM.UNER.ZS","","","","","","","","","","","","35.1023216247559","34.5972709655762","34.5299491882324","","","","","32.8821907043457","","","","","","","","","","","","","","","","17.2117900848389","","","14.4922304153442","","16.6841793060303","15.582010269165","15.4177703857422","14.9462099075317","14.2558097839356","13.7126197814941","13.8856897354126","16.8396797180176","13.1719999313354","","13.7068300247192","13.0727596282959","15.2171497344971","13.1145896911621","","13.9865160064304","","11.3179491963622","10.5235897011093","8.10563926561859","6.10135668597562","4.48381671396953","3.19940245619135","","4.40002146808466","3.51438630490104","",
"Euro area","EMU","Children out of school (% of primary school age)","SE.PRM.UNER.ZS","","","","","","","","","","","","","","","","","","","","","","","","","","","","","","","","","","","","","","","","","","","","","","","","","","","","","","","","","","","","","","","","","","",
"Eritrea","ERI","Children out of school (% of primary school age)","SE.PRM.UNER.ZS","","","","","","","","","","","","","","","","","","","","","","","","","","","","","","","","","59.9078712463379","","54.4266815185547","53.0668182373047","51.4926910400391","52.1240310668945","","44.3185806274414","36.5699882507324","34.3250389099121","28.1226100921631","22.6242599487305","22.527379989624","22.6893997192383","25.8526592254639","32.8462409973145","37.5578498840332","40.4665489196777","42.3246917724609","37.2897987365723","33.3913612365723","33.4121208190918","33.0946006774902","34.2993698120117","","39.3629188537598","39.3790397644043","","","","40.3848114013672","","","",
"Spain","ESP","Children out of school (% of primary school age)","SE.PRM.UNER.ZS","","","","","","","","","","","","","","","","","","","","","","","","","","","","","","","","","","","","","","","","","","0.0240299999713898","0.0424199998378754","0.0866800025105476","0.0745000019669533","0.144160002470017","0.177520006895065","0.093529999256134","0.561339974403381","0.881820023059845","1.79373002052307","1.96142995357513","2.28696990013123","2.51059007644653","2.61857008934021","2.70952010154724","2.55954003334045","2.33091998100281","2.00254011154175","1.60538005828857","1.38068997859955","1.4162700176239","1.27723002433777","1.28805005550384","1.23740005493164","",
"Estonia","EST","Children out of school (% of primary school age)","SE.PRM.UNER.ZS","","","","","","","","","","","","","","","","","","","","","","","","","","","","","","","","","","","","","","","","","","","","","","","","","","","","","","","2.44312000274658","2.483069896698","2.45626997947693","2.41259002685547","2.3692901134491","2.26395988464356","2.21795988082886","2.12304997444153","1.82405996322632","2.46552991867065","3.38803005218506","",
"Ethiopia","ETH","Children out of school (% of primary school age)","SE.PRM.UNER.ZS","","","","","","","","","","","","","","","","","","","","","","","","","","","","70.3406219482422","69.911262512207","71.1907730102539","","","","","79.7766036987305","76.958869934082","72.8950500488281","","66.6842269897461","64.8888626098633","61.5542411804199","57.972770690918","56.2633895874023","55.6535682678223","52.8750915527344","42.3287200927734","37.3987007141113","31.8167896270752","25.945779800415","26.2135791778564","28.1761497833359","24.7509994506836","23.7233368600163","","19.1339873710117","20.2170982673994","","","","","","25.7333793640137","24.6450551346419","23.8280580518847","22.4551082752842","",
"European Union","EUU","Children out of school (% of primary school age)","SE.PRM.UNER.ZS","","","","","","","","","","","","","","","","","","","","","","","","","","","","","","","","","","","","","","","","","","","","","","","","","","","","","","","","","","","","","","","","","","",
"Finland","FIN","Children out of school (% of primary school age)","SE.PRM.UNER.ZS","","","","","","","","","","","","","","","","","","","","","","","","","","","","","","","","","","","","","","","","","","1.12741994857788","1.10903000831604","1.02573001384735","0.996819972991943","1.01094996929169","1.16890001296997","1.16732001304627","1.12218999862671","1.23624002933502","1.20955002307892","1.12917995452881","1.26225996017456","1.33873999118805","1.33726000785828","1.60240995883942","1.62970995903015","1.82955002784729","1.82132995128632","2.22771000862122","1.89110994338989","1.3612300157547","1.97632002830505","1.55233001708984","1.76610004901886","",
"Fiji","FJI","Children out of school (% of primary school age)","SE.PRM.UNER.ZS","","","","","","","","","","","","","","","","","","","","","","","","","","","","","","","","","8.86896991729736","","8.2252197265625","9.93682956695557","11.5698699951172","10.3505802154541","8.87590026855469","8.25232982635498","6.35805988311768","4.65033006668091","5.12210988998413","8.36145973205566","5.45941019058228","","8.95825958251953","10.9447402954102","11.9199104309082","11.9641103744507","","11.01828956604","9.88424015045166","11.1569031498381","8.02308248054359","5.10934919664608","2.00221949434015","2.91900955585171","2.45947446224569","","2.82972002029419","","","","2.3933629762562","",
"France","FRA","Children out of school (% of primary school age)","SE.PRM.UNER.ZS","","","","","","","","","","","","","","","","","","","","","","","","","","","","","","","","","","","","","","","","","","3.6341700553894","3.70044994354248","3.93280005455017","3.92817997932434","0.0845099985599518","0.0292399991303682","0.131740003824234","0.5035600066185","0.893509984016418","1.26804995536804","0.241819992661476","0.369890004396439","0.579230010509491","1.36187994480133","0.514980018138885","0.167199999094009","0.0584000013768673","0.0147200003266335","0.116329997777939","0.0184300001710653","0.0704500004649162","0.0432199984788895","0.110459998250008","0.204429998993874","",
"Faroe Islands","FRO","Children out of school (% of primary school age)","SE.PRM.UNER.ZS","","","","","","","","","","","","","","","","","","","","","","","","","","","","","","","","","","","","","","","","","","","","","","","","","","","","","","","","","","","","","","","","","","",
"Micronesia, Fed. Sts.","FSM","Children out of school (% of primary school age)","SE.PRM.UNER.ZS","","","","","","","","","","","","","","","","","","","","","","","","","","","","","","","","","","","","","","","","","","","","","","","","","","","","","","","12.9870100021362","17.6378498077393","11.5937074893366","12.8672469850119","6.14532744320414","10.7954932262587","19.0619243545237","19.0655371299907","20.019296568754","23.9372042953767","23.0581179917808","",
"Gabon","GAB","Children out of school (% of primary school age)","SE.PRM.UNER.ZS","","","","","","","","","","","","","","","","5.2364501953125","","","","","","","","","","","","0.527729988098145","","","","","","","","","","14.3683099746704","","","","","","","","","","","","","","","","","","","","","","28.7633020707587","","","","","","",
"United Kingdom","GBR","Children out of school (% of primary school age)","SE.PRM.UNER.ZS","","","","","","","","","","","","","","","","","","","","","","","","","","","","","","","","","","","","","","","","","0.0518000014126301","0.0480099990963936","0.0260799992829561","0.0422799997031689","0.587080001831055","0.0795800015330315","1.03771996498108","2.36276006698608","0.387609988451004","0.750140011310577","0.558300018310547","1.09949004650116","1.91270995140076","1.90994000434876","1.66442000865936","1.45097005367279","1.26976001262665","0.77581000328064","0.309009999036789","0.0524999983608723","0.0262899994850159","0.0336199998855591","0.0728399977087975","0.0698399990797043","","",
"Georgia","GEO","Children out of school (% of primary school age)","SE.PRM.UNER.ZS","","","","","","","","","","","","","","","","","","","","","","","","","","","","","","","","","","","","17.521089553833","15.8141403198242","12.6622104644775","","","","","","","","","1.26955997943878","","3.17211008071899","2.91560006141663","","2.20960248536228","2.84841000798788","2.90013914692991","2.96370116353286","2.32304961237057","2.33445316418194","2.03302100639226","1.86486849977698","1.61677448524148","1.19045852054508","0.828591063634829","3.03972745429132","4.80816455400159","6.1671617003609","",
"Ghana","GHA","Children out of school (% of primary school age)","SE.PRM.UNER.ZS","","","","","","","","","","","","","","","","","","","","","","","","","","","","","","","","","","","","","","","","42.5304985046387","34.4790916442871","39.5224685668945","35.2796211242676","35.2729797363281","","29.2638492584229","26.8155899047852","21.6305999755859","16.5170497894287","16.9132099151611","","11.2846919322893","13.300734156805","","9.497733186379","","0.242064536944613","6.84285514537015","8.17129370301409","5.51481162263524","10.5618275440431","9.94091987609863","","","4.76691007614136","",
"Gibraltar","GIB","Children out of school (% of primary school age)","SE.PRM.UNER.ZS","","","","","","","","","","","","","","","","","","","25.1616401672363","25.8667392730713","","25.3731307983398","22.759370803833","","","","","","","","","","","","","","","","","","","","","","","","","","","","","","","","","","","","","","","","","2.27342878172708","1.57990111317979","",
"Guinea","GIN","Children out of school (% of primary school age)","SE.PRM.UNER.ZS","","","","","","","","","","","","","","","","","","","","","","","","","75.8968276977539","73.0321273803711","74.9161911010742","76.6003570556641","75.467170715332","75.3237609863281","75.8171997070312","74.0946502685547","","","","","","","58.921501159668","56.7751617431641","54.1141815185547","51.1916389465332","44.2641105651855","41.1897201538086","38.3889389038086","36.6825408935547","34.6816787719727","32.682991027832","33.4227485656738","31.6104202270508","28.1494102478027","23.5245208740234","23.9242496490479","22.0636291503906","18.4385299682617","","20.5438709259033","","","","14.727840423584","","","","","",
"Gambia, The","GMB","Children out of school (% of primary school age)","SE.PRM.UNER.ZS","","","","","","","","","","","","81.8483963012695","81.9149780273438","80.697883605957","80.1147308349609","78.9987411499023","77.6358032226562","74.1637573242188","71.9500427246094","68.3517608642578","64.3004989624023","57.2027015686035","54.074951171875","51.5162696838379","50.3087501525879","47.9992904663086","48.1505393981934","","","","57.7455902099609","","59.9264602661133","57.3401298522949","","","50.5487213134766","","48.7960205078125","40.3285217285156","42.9212493896484","42.8266181945801","44.4936485290527","41.3445281982422","40.6318206787109","42.1068687438965","37.7027015686035","35.6025505065918","38.9452514648438","","36.8116296744773","37.989864651392","35.1453476686549","34.614606941632","32.4663892915197","29.4556407928467","27.8532262531155","25.354547948005","23.6451851290903","20.2548339318684","18.4363476820539","19.0235952871828","18.7838262836972","18.7824225606817","18.8491868982671","16.9105392406958",
"Guinea-Bissau","GNB","Children out of school (% of primary school age)","SE.PRM.UNER.ZS","","","","","","","","","","","","","","","","","","","","","","61.216178894043","53.6571617126465","","55.5602912902832","55.2897911071777","","61.6733207702637","62.1724014282227","","","","","","","","","","","","50.7555503845215","","","","","","","","","","30.5452404022217","","","","","","","","","","","","","","","",
"Equatorial Guinea","GNQ","Children out of school (% of primary school age)","SE.PRM.UNER.ZS","","","","","","","","","","","","","","","","","","","","","","","","","","","","","","","","","","","41.3379707336426","","","","","","48.2057914733887","44.5681381225586","47.3004302978516","49.1255989074707","","","","","62.66162109375","63.1913108825684","63.6025886535645","62.9128112792969","62.3198318481445","","","65.5965194702148","","","","","","","","","","",
"Greece","GRC","Children out of school (% of primary school age)","SE.PRM.UNER.ZS","","","","","","","","","","","","","","","","","","","","","","","","","","","","","","","","","","","","","","","","","0.0751700028777122","0.200609996914864","6.12357997894287","4.14455986022949","2.38952994346619","2.20514011383057","2.82945990562439","2.34447002410889","","","1.48901998996735","1.58179998397827","1.93592000007629","2.26207995414734","2.8713800907135","2.17934989929199","1.42453002929688","1.97014999389648","2.98123002052307","3.1951699256897","3.72726011276245","3.84676003456116","0.0753500014543533","0.109679996967316","","",
"Grenada","GRD","Children out of school (% of primary school age)","SE.PRM.UNER.ZS","","","","","","","","","","","","","8.8358097076416","","","","","15.1460103988647","13.9316701889038","11.9154300689697","11.717399597168","13.0271501541138","14.4681797027588","12.3884897232056","7.75578022003174","","","","","","","","","","","","","","","1.07938003540039","","","2.3825900554657","","2.13651990890503","6.60389995574951","","1.91572999954224","1.57893002033234","","","","","","4.5355466130114","","0.0865800008177757","","0.121501026220073","","","2.84754304913902","","","4.94078894748629","",
"Greenland","GRL","Children out of school (% of primary school age)","SE.PRM.UNER.ZS","","","","","","","","","","","","","","","","","","","","","","","","","","","","","","","","","","","","","","","","","","","","","","","","","","","","","","","","","","","","","","","","","","",
"Guatemala","GTM","Children out of school (% of primary school age)","SE.PRM.UNER.ZS","","","","","","","","","","","51.8803100585938","50.645320892334","49.9048118591309","","48.7820816040039","47.6108703613281","","","43.7011299133301","42.7413597106934","40.4244499206543","37.0007286071777","39.9099884033203","35.7938003540039","","","","","","","","","","","","","","28.8065204620361","","17.4404697418213","15.154990196228","16.1009101867676","12.7253503799438","","8.04778957366943","6.64855003356934","5.27443981170654","4.2272801399231","3.99958992004394","","","2.4260901821598","5.15038291795052","7.42013100318753","9.53211135371939","10.19061835862","11.3652133297106","10.7054545073807","9.6593614138254","9.90468186878461","9.77219899329468","8.53798022512053","8.47769769935419","8.36757226528155","8.43218740092781","",
"Guam","GUM","Children out of school (% of primary school age)","SE.PRM.UNER.ZS","","","","","","","","","","","","","","","","","","","","","","","","","","","","","","","","","","","","","","","","","","","","","","","","","","","","","","","","","","","","","","","","","","",
"Guyana","GUY","Children out of school (% of primary school age)","SE.PRM.UNER.ZS","","","","","","","","","","","","11.9869003295898","12.0108404159546","","10.9810199737549","","12.6668796539307","5.65022993087769","","7.34429979324341","","","8.9307804107666","","","","","","","","","7.7039999961853","9.3377103805542","10.4677000045776","","8.8978796005249","11.6440095901489","","","","","","","8.23453044891357","","","","","0.628979980945587","5.25541019439697","0.530604401702825","0.345719993114471","0.323729404454502","","","","","","","","19.0088195800781","19.9746894836426","","17.9801578260599","","",
"High income","HIC","Children out of school (% of primary school age)","SE.PRM.UNER.ZS","","","","","","","","","","","","","","","","","","","","","","","","","","","","","","","","","","","","","","","","","3.40000009536743","3.59999990463257","3.40000009536743","2.70000004768372","2.70000004768372","2.20000004768372","2.09999990463257","2.09999990463257","2.09999990463257","2","2","1.89999997615814","1.79999995231628","1.79999995231628","1.70000004768372","1.60000002384186","1.60000002384186","1.5","1.60000002384186","1.60000002384186","1.70000004768372","1.89999997615814","2.09999990463257","2.29999995231628","2.40000009536743","2.5",
"Hong Kong SAR, China","HKG","Children out of school (% of primary school age)","SE.PRM.UNER.ZS","","","","","","","","","","","","","","","","","","","","","","","","","","","","","","","","","","","","","","","","","","4.00648021697998","3.69406008720398","2.03981995582581","3.11330008506775","2.12436008453369","1.31664001941681","1.81433999538422","0.472589999437332","0.401609987020493","0.420472386561404","0.286184817975933","0.315737237206978","0.353045901860751","0.786091680882395","0.877625053965235","0.697720405466593","0.220057077715899","0.124767879937478","0.0667712436933145","0.661212928723023","1.03279493025642","1.15464664912498","1.45951603274613","1.40461574139064","",
"Honduras","HND","Children out of school (% of primary school age)","SE.PRM.UNER.ZS","","","","","","","","","","","","","","","","","","","27.165620803833","23.6996402740479","23.4119396209717","","13.4472103118897","12.1124095916748","11.2567901611328","","11.5753803253174","","","","","14.0492095947266","","12.5132904052734","","","","","","","14.7121896743774","","","9.92288017272949","8.93632030487061","13.0774202346802","9.10756969451904","14.6691303253174","11.9809703826904","13.844349861145","13.5943002700806","14.0416097640991","16.7645767906174","20.6753152476805","21.5601950321529","22.7513454121271","21.7856407165527","20.9860801696777","","17.8150806427002","21.729710561372","24.7685124058089","23.4711494445801","23.8959007584554","26.6201549791965","",
"Heavily indebted poor countries (HIPC)","HPC","Children out of school (% of primary school age)","SE.PRM.UNER.ZS","","","","","","","","","","","","","","","","","","","","","","","","","","","","","","","","","","","","","","","","","","","","","","","","","","","","","","","","","","","","","","","","","","",
"Croatia","HRV","Children out of school (% of primary school age)","SE.PRM.UNER.ZS","","","","","","","","","","","","","","","","","","","","","","","","","","","","","","","","","","","","","","","","","","0.255400002002716","0.411909997463226","0.463899999856949","","0.704639971256256","0.785380005836487","0.832889974117279","1.05741000175476","2.16769003868103","0.991599977016449","1.04421997070312","1.04625999927521","1.2602299451828","1.43523001670837","1.44624996185303","1.7360600233078","1.46489000320435","1.56895995140076","1.95966005325317","1.84271001815796","1.78707003593445","1.73281002044678","1.81183004379273","","",
"Haiti","HTI","Children out of school (% of primary school age)","SE.PRM.UNER.ZS","","","","","","","","","","","","","","","","","","","","","64.2029724121094","63.6572418212891","58.6434288024902","54.5442390441895","57.5417098999023","52.0390014648438","49.1351509094238","57.1772308349609","","","","","","","","","","39.7853012084961","","","","","","","","","","","","","","","","","","","","","","","","","","","","",
"Hungary","HUN","Children out of school (% of primary school age)","SE.PRM.UNER.ZS","","","","","","","","","","","","","","","","","","","","","","","","","","","","","","","","","","","","","","","","","","1.47645998001099","0.130569994449616","0.0206000003963709","0.0388699993491173","0.0865499973297119","0.161819994449616","0.439900010824203","0.880060017108917","1.64837002754211","2.07813000679016","2.38243007659912","1.68873000144958","2.48352003097534","3.26400995254517","3.61199998855591","3.88337993621826","3.54883003234863","2.9096999168396","2.58413004875183","2.37002992630005","1.89661002159119","1.72841000556946","2.17055988311768","2.8082799911499","",
"IBRD only","IBD","Children out of school (% of primary school age)","SE.PRM.UNER.ZS","","","","","","","","","","","","","","","","","","","","","","","","","","","","","","","","","","","","","","","","","","","","","","","","","","","","","","","","","","","","","","","","","","",
"IDA & IBRD total","IBT","Children out of school (% of primary school age)","SE.PRM.UNER.ZS","","","","","","","","","","","","","","","","","","","","","","","","","","","","","","","","","","","","","","","","","","","","","","","","","","","","","","","","","","","","","","","","","","",
"IDA total","IDA","Children out of school (% of primary school age)","SE.PRM.UNER.ZS","","","","","","","","","","","","","","","","","","","","","","","","","","","","","","","","","","","","","","","","","","","","","","","","","","","","","","","","","","","","","","","","","","",
"IDA blend","IDB","Children out of school (% of primary school age)","SE.PRM.UNER.ZS","","","","","","","","","","","","","","","","","","","","","","","","","","","","","","","","","","","","","","","","","","","","","","","","","","","","","","","","","","","","","","","","","","",
"Indonesia","IDN","Children out of school (% of primary school age)","SE.PRM.UNER.ZS","","","","","","","","","","","","29.8674392700195","29.0101890563965","","29.6081409454346","27.231819152832","24.3873195648193","21.99294090271","15.1770095825195","","","10.1478700637817","3.94671010971069","2.50953006744385","2.17827010154724","2.02739000320435","2.62130999565125","1.59957003593445","2.14543008804321","2.04151010513306","3.85098004341125","4.93194007873535","5.59930992126465","6.30386018753052","5.19784021377563","5.08142995834351","6.24230003356934","6.47190999984741","","","","4.12853002548218","4.37297010421753","4.48488998413086","5.15486001968384","5.83127021789551","4.15090990066528","2.0533299446106","2.5605800151825","0.983319997787476","0.390740007162094","1.82070004940033","0.236179992556572","1.82160997390747","3.53214001655579","","6.06454992294312","6.3914098739624","7.70008881398888","1.72217934480862","2.67849622229802","1.44155336962555","1.22579926090747","0.727051630013087","1.07097971180993","0.87680291868608",
"IDA only","IDX","Children out of school (% of primary school age)","SE.PRM.UNER.ZS","","","","","","","","","","","","","","","","","","","","","","","","","","","","","","","","","","","","","","","","","","","","","","","","","","","","","","","","","","","","","","","","","","",
"Isle of Man","IMN","Children out of school (% of primary school age)","SE.PRM.UNER.ZS","","","","","","","","","","","","","","","","","","","","","","","","","","","","","","","","","","","","","","","","","","","","","","","","","","","","","","","","","","","","","","","","","","",
"India","IND","Children out of school (% of primary school age)","SE.PRM.UNER.ZS","","","","","","","","","","","","39.0692405700684","","","","","","","","","","","","","","","","","","","23.385799407959","","","","","","","","","","12.1085500717163","13.7207298278809","13.9906196594238","8.96862983703613","","","","0.892099976539612","0.419730007648468","1.80955004692078","1.13326001167297","2.73112010955811","0.694509983062744","0.431290000677109","","","4.10680647555128","6.03077755187412","6.37850852665528","7.37287425908954","4.055847428596","2.31276181521054","0.152799044775215","1.46968703818843","0.104302694560577","0.118825289035449",
"Not classified","INX","Children out of school (% of primary school age)","SE.PRM.UNER.ZS","","","","","","","","","","","","","","","","","","","","","","","","","","","","","","","","","","","","","","","","","","","","","","","","","","","","","","","","","","","","","","","","","","",
"Ireland","IRL","Children out of school (% of primary school age)","SE.PRM.UNER.ZS","","","","","","","","","","","","","","","","","","","","","","","","","","","","","","","","","","","","","","","","","","0.182830005884171","0.219579994678497","0.0190200004726648","0.0919400006532669","0.258520007133484","0.117339998483658","0.175040006637573","0.0744500011205673","0.0263599995523691","0.200080007314682","0.125499993562698","0.0578900016844273","0.0726900026202202","0.0373600013554096","0.0488200001418591","0.0116400001570582","0.0819799974560738","0.0976400002837181","0.294039994478226","0.113030001521111","0.854240000247955","1.81272995471954","","","",
"Iran, Islamic Rep.","IRN","Children out of school (% of primary school age)","SE.PRM.UNER.ZS","","","","","","","","","","","","42.8354682922363","","","","","","","","","","","","","16.8771705627441","16.9836406707764","16.7956600189209","17.0543003082275","16.24241065979","16.2203407287598","10.617639541626","","7.9274001121521","","","","","10.377799987793","","17.0060901641846","16.7202091217041","","2.83913993835449","2.3676700592041","1.73846995830536","0.882510006427765","1.12647998332977","5.36992979049683","","4.66120004653931","5.51022005081177","4.82334995269775","4.23035001754761","2.18342995643616","3.97034001350403","3.82705998420715","3.49585008621216","2.64989995956421","","1.55243003368378","1.82946002483368","","0.318129986524582","0.10283999890089","","",
"Iraq","IRQ","Children out of school (% of primary school age)","SE.PRM.UNER.ZS","","","","","","","","","","","","43.7961692810059","42.5782089233398","41.0168495178223","38.7644882202148","37.4511108398438","28.2537403106689","25.5811290740967","23.3926906585693","9.15664958953857","5.98317003250122","8.17498016357422","","13.1709995269775","","14.4119596481323","12.6746501922607","11.061710357666","9.52756023406982","10.4634304046631","","","","20.557430267334","","","26.1265907287598","","","15.3071403503418","17.6073207855225","","","14.0368204116821","14.7915601730347","","","10.7205400466919","","","","","","","","","","","","","","","","","","",
"Iceland","ISL","Children out of school (% of primary school age)","SE.PRM.UNER.ZS","","","","","","","","","","","","","","","","","","1.06055998802185","","","","","","","","","","","","","","","","","0.450540006160736","","0.0205400008708239","0.855509996414185","1.07307994365692","1.21811997890472","0.86201000213623","0.681209981441498","1.17228996753693","0.938019990921021","0.93080997467041","0.853789985179901","1.08907997608185","1.42838001251221","1.55505001544952","1.57521998882294","1.17321002483368","1.25826001167297","1.13338005542755","1.19902002811432","1.17631995677948","1.26188004016876","1.03729999065399","1.06649005413055","1.1010799407959","1.18957996368408","1.42287003993988","1.42077004909515","1.51547002792358","1.82071995735169","","",
"Israel","ISR","Children out of school (% of primary school age)","SE.PRM.UNER.ZS","","","","","","","","","","","","","","","","","","","","","","","","","","","","","","","","","","","","","","","","","","2.29412007331848","2.10251998901367","2.86945009231567","2.42937994003296","2.53588008880615","2.43934011459351","1.87901997566223","2.38487005233765","2.07168006896973","0.0802600011229515","0.0801900029182434","0.156880006194115","0.293500006198883","0.437959998846054","0.541029989719391","0.55102002620697","0.766330003738403","0.936749994754791","1.329470038414","1.68349003791809","1.66243004798889","1.94927000999451","2.00619006156921","2.66266989707947","",
"Italy","ITA","Children out of school (% of primary school age)","SE.PRM.UNER.ZS","","","","","","","","","","","","","","","","","","","","","","","","","","","","","","","","","","","","","","","","","","0.217999994754791","0.207399994134903","0.283340007066727","0.194749996066093","0.371870011091232","0.381529986858368","0.405420005321503","0.415430009365082","0.304479986429214","0.216879993677139","0.292890012264252","0.336490005254745","0.885320007801056","1.23084998130798","1.49433994293213","1.66491997241974","1.63794004917145","1.57104003429413","1.59695994853973","1.48284995555878","2.10580992698669","2.50709009170532","2.05615997314453","","",
"Jamaica","JAM","Children out of school (% of primary school age)","SE.PRM.UNER.ZS","","","","","","","","","","","","","","","","0.75764000415802","2.10417008399963","2.55576992034912","","0.856689989566803","1.48827004432678","2.14452004432678","","1.42996001243591","3.19907999038696","4.68204021453857","5.1550498008728","4.17331981658935","7.59556007385254","4.11766004562378","4.4793701171875","5.55962991714478","","8.64340019226074","","","","","","11.8835802078247","10.9308595657349","11.1548299789429","12.2631902694702","13.1452598571777","10.1137399673462","10.131950378418","","","","","","","","8.77114266932396","10.6872061336007","10.4889723202181","11.0967238804323","10.5054161751938","10.3698033440449","9.20294558362781","12.5772199630737","15.0184428060293","6.74756453383844","12.4071843368512","4.34133005142212","",
"Jordan","JOR","Children out of school (% of primary school age)","SE.PRM.UNER.ZS","","","","","","","","","","","","","17.6126594543457","11.9435195922852","7.70867013931274","5.32727003097534","4.70451021194458","4.19755983352661","3.37342000007629","2.97405004501343","3.95777988433838","5.00653982162476","5.09162998199463","8.34395027160645","9.62112998962402","10.2366104125977","","","","","","","","","","","","","","14.9072704315185","15.7686595916748","","9.6451997756958","7.94588994979858","6.78077983856201","6.71526002883911","7.2905101776123","8.88152980804443","11.2237300872803","","11.5529499053955","10.7498598098755","10.2956600189209","6.8576241556061","","","3.6880442141468","2.12274590729708","1.69142687707395","1.70247676070963","1.58037543801688","2.55203758634755","1.8879125468019","2.73385940507406","1.88620072476187","",
"Japan","JPN","Children out of school (% of primary school age)","SE.PRM.UNER.ZS","","","","","","","","","","","","","","","","","","","","","","","","","","","","","","","","","","","","","","","","","","","","","","","","","","","","","","1.14300000667572","0.0842100009322166","0.130360007286072","0.120449997484684","0.0978600010275841","0.110780000686645","0.0807100012898445","0.0939500033855438","0.102399997413158","0.0781000033020973","0.068400003015995","","",
"Kazakhstan","KAZ","Children out of school (% of primary school age)","SE.PRM.UNER.ZS","","","","","","","","","","","","","","","","","","","","","","","","","","","","","","","","","","","","","","","","","4.31358003616333","2.35405993461609","2.37242007255554","2.2011399269104","2.31013989448547","2.08781003952026","2.37651991844177","4.02859020233154","5.53429985046387","7.05495977401733","8.09338753850892","7.54337615651484","7.59367096053173","8.22459296359814","8.45308131223036","8.35226595228821","8.50838610360703","5.79874879982089","5.05080159474217","3.9672980716246","10.8403161290154","10.9704209174882","10.3712054469437","5.86329668117656","6.40198053602555","7.91164247068207",
"Kenya","KEN","Children out of school (% of primary school age)","SE.PRM.UNER.ZS","","","","","","","","","","","","","","","","","","","","","","","","","","","","","","","","","","","","","","","","37.2428894042969","34.9548683166504","27.1735706329346","29.3811798095703","14.9744300842285","15.9046497344971","14.6882095336914","15.1697702407837","5.01288986206055","9.38082027435303","7.63293981552124","","","17.2818298339844","","","","","","","","","36.2802190990614","32.8982475979253","","","",
"Kyrgyz Republic","KGZ","Children out of school (% of primary school age)","SE.PRM.UNER.ZS","","","","","","","","","","","","","","","","","","","","","","","","","","","","","","","","","","","","","12.568320274353","","","6.56983995437622","7.98464012145996","7.80480003356934","8.29533004760742","9.13152980804443","4.62264013290405","7.24697017669678","5.93024015426636","6.74064016342163","6.86276006698608","6.57275009155273","5.32188194522922","6.03753195619437","5.79014528328536","5.54894369675559","4.60526315789474","4.95561985465312","2.75793381128742","2.70868961632095","2.29725085261715","2.77765811560801","5.26127817630792","4.33074022239072","3.5384658605469","","2.98186040223624","2.9593377512549",
"Cambodia","KHM","Children out of school (% of primary school age)","SE.PRM.UNER.ZS","","","","","","","","","","","","","","","","","","","","","","","","","","","","","","","","","","","","","","14.5268602371216","16.9757995605469","15.6070499420166","10.3800497055054","","","4.07474994659424","","","5.16418981552124","4.21115016937256","4.94561004638672","","6.74343013763428","1.36066997051239","2.57425999641419","","8.72257995605469","8.29053974151611","10.0883598327637","11.4349203109741","10.9248104095459","9.30488014221191","9.43385982513428","11.0478461381042","15.7397106595469","7.78662768750183","3.69075438538324","",
"Kiribati","KIR","Children out of school (% of primary school age)","SE.PRM.UNER.ZS","","","","","","","","","","","","","","","","","","","","7.24356985092163","","4.44567012786865","2.50821995735169","3.3969099521637","3.87684988975525","1.56854999065399","1.51068997383118","3.81428003311157","","0.758639991283417","","0.486699998378754","0.459729999303818","0.573109984397888","0.256370007991791","0.0012100000167266","0.138610005378723","1.16813004016876","","","2.54417991638184","","","","","","","","","","","","","","0.410281017693351","0.933290794875426","1.06016327165012","1.38601527808795","","","2.05121062042926","2.51002434548242","4.37923997573217","8.47299813780261","8.70988867059594","",
"St. Kitts and Nevis","KNA","Children out of school (% of primary school age)","SE.PRM.UNER.ZS","","","","","","","","","","","","","","","","","","","","","","","","","","7.9029598236084","5.36409997940063","","","","","","0.768930017948151","","","","","","","","","2.0030300617218","0.0722400024533272","1.95024001598358","0.0378100015223026","1.14293003082275","","0.860189974308014","0.859950006008148","","","","","","","","","","","","","","","","","",
"Korea, Rep.","KOR","Children out of school (% of primary school age)","SE.PRM.UNER.ZS","","","","","","","","","","","","","","","","","","","","","","","","","","","","","","","","","","","","","","","","","2.40700006484985","2.22738003730774","2.03259992599487","1.2048499584198","1.44797003269196","0.713490009307861","0.565020024776459","0.238499999046326","0.162750005722046","1.25337994098663","0.0573799982666969","0.986370027065277","1.23126995563507","2.36279010772705","2.94554996490479","0.163190007209778","0.722010016441345","1.88926005363464","1.86303997039795","0.90709000825882","1.38424003124237","1.51373994350433","1.10347998142242","0.0067199999466538","0.0556599982082844","",
"Kuwait","KWT","Children out of school (% of primary school age)","SE.PRM.UNER.ZS","","","","","","","","","","","","45.7155418395996","42.6319198608398","39.2009201049805","37.7975997924805","36.0156593322754","33.4085502624512","28.7331695556641","19.8352298736572","20.8394603729248","22.0067291259766","21.7306594848633","21.1487808227539","20.3399200439453","21.1929302215576","21.8050403594971","22.2891597747803","26.916259765625","27.0511703491211","","","","40.5112190246582","","28.1307601928711","","25.7971000671387","28.1485004425049","16.8960990905762","17.0117607116699","14.9351797103882","10.7110204696655","5.51201009750366","2.60923004150391","2.42916989326477","2.79453992843628","","0.499700009822846","0.81401002407074","","0.48067937942944","0.0675454839368903","1.26546817241164","1.77947793655485","2.02669437441599","3.05243059110593","7.46558493279106","","","","","","","","","",
"Latin America & Caribbean (excluding high income)","LAC","Children out of school (% of primary school age)","SE.PRM.UNER.ZS","","","","","","","","","","","","","","","","","","","","","","","","","","","","","","","","","","","","","","","","","","","","","","","","","","","","","","","","","","","","","","","","","","",
"Lao PDR","LAO","Children out of school (% of primary school age)","SE.PRM.UNER.ZS","","","","","","","","","","","","","","","","","","","","","","","","","","","","","35.7345390319824","","36.3365097045898","","43.5671691894531","38.8372611999512","34.9959487915039","","32.6096305847168","30.0019798278809","26.6110095977783","25.8682594299316","25.0247001647949","25.6012496948242","24.1644992828369","21.5431003570557","21.2237701416016","20.5861396789551","20.0300407409668","17.5330009460449","15.2693004608154","12.95458984375","8.25074005126953","7.97373308710307","7.48299684250997","4.98057275980058","3.97502346101157","4.82591130118299","5.25981435635306","6.26849252460245","6.80031670709501","6.65099039707188","6.87788413363922","7.03675063566542","9.39845045605307","9.46903663702282","10.3359245216024","10.3619170925725",
"Lebanon","LBN","Children out of school (% of primary school age)","SE.PRM.UNER.ZS","","","","","","","","","","","","","","","8.32608985900879","","","","","","","","","","","","","","","","","","","","","","","44.6302108764648","30.8634395599365","25.8711605072021","24.4092903137207","24.1490993499756","23.2956695556641","21.8579196929932","20.2724304199219","20.3222999572754","21.3214702606201","21.6821403503418","23.2639694213867","24.0827407836914","23.8363113111734","23.0993147823956","21.7958519875503","19.685642243204","26.2789942089134","29.2703031140391","26.2862572184093","24.7399056011243","25.299241120254","25.9397901461216","26.8092277125722","28.0006978367062","27.1980078749538","25.6683486662867","22.5125209192838","",
"Liberia","LBR","Children out of school (% of primary school age)","SE.PRM.UNER.ZS","","","","","","","","","","","","","","","","","","","","","","","","","","","","","","","","","","","","","","","","55.8324813842773","","","","","","","","","59.5840911865234","","","3.94867528650225","","","11.4275703430176","13.6138734282405","20.3932632474057","26.4375547197036","","","31.3878584438744","35.4064080069429","38.2539784581758","","","",
"Libya","LBY","Children out of school (% of primary school age)","SE.PRM.UNER.ZS","","","","","","","","","","","","34.4739685058594","27.0728607177734","21.2680702209473","14.1679201126099","11.2971200942993","6.16547012329102","5.87013006210327","7.40079021453857","","3.11714005470276","6.67758989334106","","4.53779983520508","","","","","","","","","","","","","","","","","","","","","","","","","","","","","","","","","","","","","","","","","","",
"St. Lucia","LCA","Children out of school (% of primary school age)","SE.PRM.UNER.ZS","","","","","","","","","","","","","","","","","","","","","","5.96396017074585","5.69121980667114","0.624469995498657","1.00818002223969","0","0.890820026397705","","","","9.84605979919434","","","","","","","","","","8.64202976226807","6.98098993301392","0.334289997816086","1.05356001853943","5.40448999404907","8.11192035675049","6.58044004440308","6.79672002792358","6.16374015808105","4.61792993545532","5.78223991394043","6.82242012023926","7.3386697769165","6.69262981414795","8.08160018920898","6.73954010009766","8.105299949646","7.72205018997192","6.97815990447998","6.0028600692749","5.7933201789856","4.35433480864358","2.11634993553162","2.06326007843018","7.01242278188853","",
"Latin America & Caribbean","LCN","Children out of school (% of primary school age)","SE.PRM.UNER.ZS","","","","","","","","","","","","","","","","","","","","","","","","","","","","","","","","","","","","","","","","","","","","","","","","","","","","","","","","","","","","","","","","","","",
"Least developed countries: UN classification","LDC","Children out of school (% of primary school age)","SE.PRM.UNER.ZS","","","","","","","","","","","","","","","","","","","","","","","","","","","","","","","","","","","","","","","","","","","","","","","","","","","","","","","","","","","","","","","","","","",
"Low income","LIC","Children out of school (% of primary school age)","SE.PRM.UNER.ZS","","","","","","","","","","","","","","","","","","","","","","","","","","","","","","","","","","","","","","","","","44.5999984741211","42.4000015258789","40.2999992370605","38.7000007629395","36.7000007629395","34.7999992370605","33.0999984741211","31.5","30","28.7000007629394","27.7999992370606","27.1000003814697","26.5","26.1000003814697","25.6000003814697","25.6000003814697","25.6000003814697","25.5","25.5","25.5","25.2999992370606","25","25","24.7000007629394","24.3999996185303","24.1000003814697",
"Liechtenstein","LIE","Children out of school (% of primary school age)","SE.PRM.UNER.ZS","","","","","","","","","","","","","","","","","","","","","","","","","","","","","","","","","","","","","","","","","","","","0.772979974746704","0.425289988517761","0.284630000591278","1.10047996044159","0.956019997596741","0.782400012016296","1.43075001239777","0.764209985733032","1.25065004825592","1.52070999145508","","2.34167003631592","0.0334899984300137","0.32447999715805","0.158690005540848","0.148770004510879","0.0796599984169006","0.564339995384216","0.824760019779205","","","","",
"Sri Lanka","LKA","Children out of school (% of primary school age)","SE.PRM.UNER.ZS","","","","","","","","","","","","","","","","","","20.5903396606445","","","","","","","","","1.9417200088501","","","","","","","","","","","","","","","3.15190005302429","4.25479984283447","5.76747989654541","7.80247020721435","8.02285957336426","7.90616989135742","7.62405014038086","7.61494016647339","8.97640037536621","7.10472011566162","7.22096014022827","7.46273994445801","6.78231000900269","6.35449981689453","3.94148993492127","3.79003000259399","4.11144018173218","4.63569021224976","0.49204201458139","0.737028759909918","1.96734248266145","7.75457849813972","9.13719724332715","","",
"Lower middle income","LMC","Children out of school (% of primary school age)","SE.PRM.UNER.ZS","","","","","","","","","","","","","","","","","","","","","","","","","","","","","","","","","","","","","","","","","18.5","17.6000003814697","16.8999996185303","16.2999992370606","15.3999996185303","14.6999998092651","14","13.1999998092651","12.5","11.8999996185303","11.1999998092651","10.6999998092651","10.3000001907349","10.1000003814697","9.89999961853027","9.69999980926514","9.5","9.19999980926514","9","8.80000019073486","8.69999980926514","8.5","8.39999961853027","8.39999961853027","8.30000019073486","8.30000019073486",
"Low & middle income","LMY","Children out of school (% of primary school age)","SE.PRM.UNER.ZS","","","","","","","","","","","","","","","","","","","","","","","","","","","","","","","","","","","","","","","","","","","","","","","","","","","","","","","","","","","","","","","","","","",
"Lesotho","LSO","Children out of school (% of primary school age)","SE.PRM.UNER.ZS","","","","","","","","","","","39.155101776123","43.1540489196777","42.3779716491699","41.7343406677246","33.4001617431641","","32.0660705566406","30.5980796813965","37.0302200317383","35.7937698364258","35.8237380981445","35.9458503723145","32.2586402893066","33.5460014343262","33.5078201293945","32.2458915710449","33.2968215942383","29.7068099975586","29.3223495483398","30.7198295593262","32.4560089111328","31.7988204956055","32.2245712280273","35.1016998291016","34.9981384277344","36.8604507446289","37.0283012390137","","43.5754699707031","45.9954299926758","25.4932193756104","23.1881198883057","20.4187507629394","17.9600296020508","18.2052497863769","16.6606006622314","13.9902296066284","15.9502296447754","15.1876802444458","15.8759002685547","15.1866703033447","14.8736938432399","14.7650580935176","14.5525177790671","15.9375883850288","16.6599263903638","16.1505096069654","14.8123389776046","20.19961306989","22.8527615852612","24.3046350420478","30.3230958461402","29.3846671417181","30.697131612964","32.172439612713","",
"Late-demographic dividend","LTE","Children out of school (% of primary school age)","SE.PRM.UNER.ZS","","","","","","","","","","","","","","","","","","","","","","","","","","","","","","","","","","","","","","","","","","","","","","","","","","","","","","","","","","","","","","","","","","",
"Lithuania","LTU","Children out of school (% of primary school age)","SE.PRM.UNER.ZS","","","","","","","","","","","","","","","","","","","","","","","","","","","","","","","","","","","","","","","","","","0.311410009860992","0.250869989395142","0.110509999096394","","","","","","","","","","0.108520001173019","0.0652600005269051","0.0531999990344048","0.142179995775223","0.0970399975776672","0.166700005531311","0.19378000497818","0.115029998123646","0.0033899999689311","0.0236399993300438","0.101680003106594","0.129700005054474","",
"Luxembourg","LUX","Children out of school (% of primary school age)","SE.PRM.UNER.ZS","","","","","","","","","","","","","","","","","","","","","","","","","","","","","","","","","","","","","","","","","","3.18755006790161","2.74407005310059","4.41155004501343","4.49625015258789","2.61528992652893","2.94159007072449","3.02447009086609","3.20120000839233","","3.86029005050659","4.96324014663696","1.93862998485565","2.71701002120972","3.02064990997314","2.62757992744446","2.61967992782593","3.30612993240356","2.44804000854492","1.47956001758575","1.59484994411469","1.65278995037079","0.345420002937317","0.595560014247894","0.256379991769791","",
"Latvia","LVA","Children out of school (% of primary school age)","SE.PRM.UNER.ZS","","","","","","","","","","","","","","","","","","","","","","","","","","","","","","","","","","","","","","","","","","","","","","","","","0.0085399998351932","0.875699996948242","0.867569983005524","0.766680002212524","1.46035003662109","1.86098003387451","1.96988999843597","2.03865003585815","1.73730003833771","1.5161999464035","1.1314400434494","1.17625999450684","1.3022700548172","1.27524995803833","1.4437700510025","1.95968997478485","2.74000000953674","",
"Macao SAR, China","MAC","Children out of school (% of primary school age)","SE.PRM.UNER.ZS","","","","","","","","","","","","","","","","","","","","","","","","","","","","","","","","","","","","","","","","","","12.3770704269409","9.4634895324707","9.42368984222412","9.00463962554932","10.1669301986694","11.7455101013184","10.7608804702759","10.0964298248291","9.99594974517822","9.47910841255892","7.08396287502698","8.94736842105263","7.74887892376682","4.8942731277533","4.24691358024691","2.44827586206897","2.66998049209189","2.2013422818792","6.13609467455621","9.81147540983607","12.7311557788945","16.3325635103926","14.203196347032","10.791569086651","",
"St. Martin (French part)","MAF","Children out of school (% of primary school age)","SE.PRM.UNER.ZS","","","","","","","","","","","","","","","","","","","","","","","","","","","","","","","","","","","","","","","","","","","","","","","","","","","","","","","","","","","","","","","","","","",
"Morocco","MAR","Children out of school (% of primary school age)","SE.PRM.UNER.ZS","","","","","","","","","","","","60.260929107666","59.1482582092285","58.8750381469727","","56.0592994689941","53.3476486206055","50.0113182067871","47.1292190551758","45.1442604064941","43.0844688415527","41.2522087097168","41.689640045166","39.9006195068359","37.7568206787109","38.9971504211426","40.5370788574219","42.3839492797852","43.859130859375","45.739559173584","44.6845397949219","44.741828918457","43.7076988220215","40.9697303771973","37.7470703125","34.3957786560059","31.9560508728027","30.7247295379639","32.3242607116699","21.830379486084","18.7122192382812","16.2943496704102","13.819860458374","12.2828903198242","12.7745399475098","12.4429397583008","11.8320302963257","11.3597002029419","11.6580295562744","12.7129001617432","8.89751008253184","7.27160873075193","7.93019083788596","6.78384054599872","7.8231308820608","10.3631187017355","8.26307675903486","7.21811926058377","5.12410020184331","3.14722314869336","0.476719748992441","0.471040654666576","","","","",
"Monaco","MCO","Children out of school (% of primary school age)","SE.PRM.UNER.ZS","","","","","","","","","","","","","","","","","","","","","","","","","","","","","","","","","","","","","","","","","","","","","","","","","","","","","","","","","","","","","","","","","","",
"Moldova","MDA","Children out of school (% of primary school age)","SE.PRM.UNER.ZS","","","","","","","","","","","","","","","","","","","","","","","","","","","","","","","","","","","","","","","","","","","","","","","","","","","8.44932327240687","8.07318606868293","8.09503756130031","7.92692850168168","0.204722224810801","0.444744068632185","0.614516693524164","0.641054054173843","0.645779938525673","1.92910179183696","0.796509501793802","0.335578057676418","0.432474408037575","0.582634583324797","0.462864098290279","",
"Madagascar","MDG","Children out of school (% of primary school age)","SE.PRM.UNER.ZS","","","","","","","","","","","","","35.9573593139648","","","","","","","","","","","","","","","","","38.2467498779297","39.5728416442871","","","","","47.7392692565918","45.7065887451172","","","38.4785614013672","36.935131072998","36.1187705993652","35.9619293212891","27.1870098114014","","","","","","","2.03142806059933","1.71660389465642","","2.07505564996774","2.02868542137425","2.09567436011574","2.86686559215041","2.1948649329421","2.40325755501574","","","2.54610162822651","3.15875784433437","3.30742417865343","3.40053925974688","",
"Maldives","MDV","Children out of school (% of primary school age)","SE.PRM.UNER.ZS","","","","","","","","","","","","","","","","","","","","","","","","","","","","","","","","","","","","","","6.89336013793945","","3.41123008728027","3.16926002502441","3.33219003677368","3.50437998771667","","3.58287000656128","4.22525978088379","4.31608009338379","5.39375019073486","5.41422986984253","4.4636697769165","6.23722379051883","5.38177420899239","6.27664673679962","6.59393027338851","4.78323086316872","4.82672118337885","5.72961353322466","4.97670670461447","4.87126628732029","4.44011123778924","4.54265979244193","","5.37546340201741","6.80396475770925","0.946476596321109","",
"Middle East, North Africa, Afghanistan & Pakistan","MEA","Children out of school (% of primary school age)","SE.PRM.UNER.ZS","","","","","","","","","","","","","","","","","","","","","","","","","","","","","","","","","","","","","","","","","","","","","","","","","","","","","","","","","","","","","","","","","","",
"Mexico","MEX","Children out of school (% of primary school age)","SE.PRM.UNER.ZS","","","","","","","","","","","","","","","","","","","","","","","","","","","","","","","","","","","","","","","","","0.059969998896122","0.171069994568825","0.25093001127243","0.271899998188019","0.296079993247986","0.214560002088547","0.189689993858337","0.15888999402523","0.096160002052784","0.124130003154278","0.162550002336502","0.207129999995232","0.233600005507469","0.269670009613037","0.314850002527237","0.316359996795654","0.312660008668899","0.333790004253388","0.255989998579025","0.317059993743896","0.29093998670578","0.333270013332367","0.341919988393784","0.348219990730286","0.363240003585815","",
"Marshall Islands","MHL","Children out of school (% of primary school age)","SE.PRM.UNER.ZS","","","","","","","","","","","","","","","","","","","","","","","","","","","","","","","","","","","","","","","","","","","3.86519002914429","","","","","","","","","0.114419996738434","","","","8.93435001373291","5.96778452601003","","","0.995964956788542","0.978806441162951","0.0378484993869617","0.362336825537121","0.321964768071492","1.47596135447218","",
"Middle income","MIC","Children out of school (% of primary school age)","SE.PRM.UNER.ZS","","","","","","","","","","","","","","","","","","","","","","","","","","","","","","","","","","","","","","","","","29.3999996185303","27.5","26","24.5","23.2999992370606","22.2000007629394","21.1000003814697","19.8999996185303","18.7999992370606","17.7999992370606","16.7999992370606","15.8999996185303","15.3999996185303","14.8999996185303","14.3999996185303","14","13.6000003814697","13.1999998092651","12.8000001907349","12.5","12.1999998092651","12","11.6999998092651","11.6000003814697","11.3999996185303","11.3000001907349",
"North Macedonia","MKD","Children out of school (% of primary school age)","SE.PRM.UNER.ZS","","","","","","","","","","","","","","","","","","","","","","","","","","","","","","","","","","","","","","","9.39739036560059","10.9610795974731","0.0527000017464161","0.264039993286133","0.358339995145798","1.54103004932404","0.880249977111816","1.01267004013062","2.83863997459412","1.70846998691559","4.23100996017456","2.45724010467529","0.319050014019013","","2.31207990646362","3.41268992424011","3.87040996551514","2.27909994125366","","2.90700006484985","3.34319996833801","7.26470994949341","6.8620400428772","7.36266994476318","2.96356010437012","3.79094004631042","","",
"Mali","MLI","Children out of school (% of primary school age)","SE.PRM.UNER.ZS","","","","","","","","","","","","83.5961837768555","83.0048904418945","82.6450424194336","80.241096496582","","","80.3267211914062","","","","","","","","","","","","","","","","","","","","","","59.9633293151855","","","52.28173828125","51.8875999450684","51.5368003845215","46.5205688476562","45.2731285095215","43.3457984924316","","36.7279281616211","35.9002003888327","35.2485645715884","37.5210554716051","41.5862221361924","40.8206150283567","43.43178463111","42.0714618375195","37.0019891312597","45.072078704834","","","","","34.0078201293945","","",
"Malta","MLT","Children out of school (% of primary school age)","SE.PRM.UNER.ZS","","","","","","","","","","","","","","","","","","","","","","","","","","","","","","","","","","","","","","","","","","","","","","","","","","","","0.0527300015091896","0.267879992723465","1.03968000411987","1.33315002918243","1.23194003105164","1.18001997470856","1.18777000904083","0.628359973430634","1.47456002235413","2.29797005653381","2.58395004272461","2.95251989364624","2.6377899646759","","",
"Myanmar","MMR","Children out of school (% of primary school age)","SE.PRM.UNER.ZS","","","","","","","","","","","","37.4642105102539","","29.247200012207","38.3289985656738","","","","30.8590202331543","","","","","","","","","","","","","","","","","","","","","","7.2007098197937","6.69563007354736","8.78116035461426","6.23755979537964","6.54371976852417","5.47386980056763","4.69658994674683","7.76004981994629","1.90114998817444","1.684730052948","1.40907001495361","","","","","","","","","","","","","","","",
"Middle East, North Africa, Afghanistan & Pakistan (excluding high income)","MNA","Children out of school (% of primary school age)","SE.PRM.UNER.ZS","","","","","","","","","","","","","","","","","","","","","","","","","","","","","","","","","","","","","","","","","","","","","","","","","","","","","","","","","","","","","","","","","","",
"Montenegro","MNE","Children out of school (% of primary school age)","SE.PRM.UNER.ZS","","","","","","","","","","","","","","","","","","","","","","","","","","","","","","","","","","","","","","","","","","","","0","","0.0517700016498566","3.30468010902405","5.80350017547607","5.19102001190185","","","0.365550011396408","0.865140020847321","","","0.0383899994194508","1.25121998786926","0.123250000178814","2.28250002861023","0.324160009622574","0.308450013399124","0.17315000295639","","0.21832999587059","","",
"Mongolia","MNG","Children out of school (% of primary school age)","SE.PRM.UNER.ZS","","","","","","","","","","","","","","","","","","","","","5.46947002410889","","","6.76976013183594","","","","7.93532991409302","","","","","","","","21.6661701202393","18.3693103790283","17.3983192443848","12.6481199264526","9.39589023590088","6.41810989379883","5.03170013427734","6.38981008529663","13.8317499160767","7.41993999481201","9.32168006896973","5.1486701965332","4.33163022994995","1.78549003601074","0.140359997749329","0.26078000664711","0.190779998898506","1.74132001399994","4.81134986877441","5.43826007843018","5.02854013442993","4.07902002334595","6.20980978012085","4.78399050088951","5.90250303854234","7.69396773007015","8.33881016009381","7.41599307454662","7.74789408596778","8.56374943861396","",
"Northern Mariana Islands","MNP","Children out of school (% of primary school age)","SE.PRM.UNER.ZS","","","","","","","","","","","","","","","","","","","","","","","","","","","","","","","","","","","","","","","","","","","","","","","","","","","","","","","","","","","","","","","","","","",
"Mozambique","MOZ","Children out of school (% of primary school age)","SE.PRM.UNER.ZS","","","","","","","","","","","","","","62.8346481323242","","","","","","61.7337913513184","","63.8044509887695","63.5860900878906","49.2264404296875","","46.2619590759277","47.2731285095215","51.3198318481445","54.6128616333008","53.8179893493652","51.6824493408203","53.890869140625","55.6670684814453","56.3301811218262","56.1795196533203","56.9289512634277","","","52.5760383605957","48.9509201049805","45.1765899658203","40.4076118469238","44.2234115600586","","30.3258209228516","24.8427906036377","20.4916095733643","14.7095203399658","10.6436700820923","8.75417995452881","6.559452309104","7.95243330014954","6.88203119422097","4.98695576938246","3.90419910474139","2.75620945446678","4.48894889129453","6.52273035333077","3.42923909105373","1.26287947037948","0.815585659753502","","0.999974790698898","","","",
"Mauritania","MRT","Children out of school (% of primary school age)","SE.PRM.UNER.ZS","","","","","","","","","","","","","","","","","","","","","","","","","","67.7274017333984","","","","","","","","","52.8955993652344","46.4986114501953","43.1762313842773","","39.6427612304688","40.322868347168","40.6455993652344","38.0263404846191","39.0946083068848","36.3771095275879","29.5826091766357","30.653450012207","27.5692195892334","25.8888206481934","28.6169109344482","28.8192691802979","28.6183395385742","28.8140482329312","30.8624895641009","29.2575348372561","28.0360866015015","24.5683180028089","32.7170404969266","28.8442066497387","27.4673756502152","30.9051396196951","25.3996261081279","","","","11.2562378007474","",
"Mauritius","MUS","Children out of school (% of primary school age)","SE.PRM.UNER.ZS","","","","","","","","","","","","","15.0117502212524","15.7080202102661","16.4500408172607","16.5038604736328","16.3070697784424","10.644700050354","10.1894598007202","10.4758100509644","7.92519998550415","5.41515016555786","1.86827003955841","2.14236998558044","3.59085011482239","2.83807992935181","8.09836006164551","7.45376014709473","8.05023956298828","8.15602016448975","9.5661096572876","11.9575395584106","","9.5057897567749","8.89869976043701","8.69293022155762","7.44238996505737","6.55275011062622","1.53845000267029","0.748539984226227","0.368519991636276","0.556050002574921","0.542959988117218","0.496930003166199","1.91969001293182","1.73598003387451","1.82960999011993","2.33944010734558","2.33555006980896","3.17569994926453","3.10436101045923","3.62642950093505","7.66365273964218","5.8927158984684","5.50804063217914","5.28578678744817","5.0050696832939","4.69481132564871","2.43054808375116","4.19625564880568","3.64071801130672","6.08726625111309","","1.74341080441149","0.78536806902022","",
"Malawi","MWI","Children out of school (% of primary school age)","SE.PRM.UNER.ZS","","","","","","","","","","","","","","","","","","","","","","","","","","","","","","","","","","","","","","","","2.03574991226196","","","","","0.83856999874115","0.756869971752167","1.26760005950928","3.28538990020752","1.29830002784729","0.961830019950867","","","","","","","","","","","","2.23719175594498","2.08900513013386","","","",
"Malaysia","MYS","Children out of school (% of primary school age)","SE.PRM.UNER.ZS","","","","","","","","","","","7.63020992279053","6.78319978713989","5.22308015823364","","","","","","","","","","","","","","","","","","","","","","3.91868996620178","","","","4.04884004592896","3.20057988166809","2.80377006530762","4.84722995758057","7.07800006866455","6.87022018432617","4.31675004959106","3.25431990623474","5.41844987869263","4.48654985427856","4.23487997055054","3.99931001663208","4.62372016906738","5.07486009597778","5.32901000976562","5.47919075179736","7.00476705034366","7.84528275296313","8.02854320080527","7.93755901742578","7.81015949057405","10.9044195999006","11.7665912068501","12.1246753464795","12.461852230086","9.1429851415802","11.9696349522189","",
"North America","NAC","Children out of school (% of primary school age)","SE.PRM.UNER.ZS","","","","","","","","","","","","","","","","","","","","","","","","","","","","","","","","","","","","","","","","","","","","","","","","","","","","","","","","","","","","","","","","","","",
"Namibia","NAM","Children out of school (% of primary school age)","SE.PRM.UNER.ZS","","","","","","","","","","","","","","","","","","","","","","","","","","","","","","14.2194004058838","13.8654699325562","","8.29965972900391","","6.46715021133423","6.4766697883606","8.14435958862305","8.40003967285156","8.88994979858398","10.8051795959473","11.1417798995972","11.0480604171753","9.85023975372314","9.46901035308838","10.8228597640991","9.05410957336426","10.388349533081","6.88400983810425","6.79179000854492","5.94267988204956","4.91633692122687","3.71432123623629","2.00789838030487","0.795602341047532","1.1575826778783","1.39768723642356","1.56804406309793","1.46290504092309","1.47252992503454","1.40767989066108","1.05016801743774","0.862854624178714","1.09937894341155","0.801256184237908","0.865496521831131","",
"New Caledonia","NCL","Children out of school (% of primary school age)","SE.PRM.UNER.ZS","","","","","","","","","","","","","","","","","","","","","","","9.85264015197754","7.88711023330688","9.10888957977295","16.4179096221924","16.4695606231689","14.7746200561523","5.76085996627808","2.6936399936676","8.62187004089355","7.42438983917236","","","","","","","","","","","","","","","","","","","","","","","","","","","","","","","","","","",
"Niger","NER","Children out of school (% of primary school age)","SE.PRM.UNER.ZS","","","","","","","","","","","","","","89.6877670288086","89.0725936889648","","","85.0761795043945","83.9693832397461","","","80.8123779296875","","","","","77.0622787475586","","","77.7593078613281","77.2885971069336","76.7151412963867","78.7838363647461","","","","","76.2128524780273","75.8890075683594","74.0861892700195","73.2808380126953","69.7521514892578","66.3436584472656","62.7165412902832","59.211181640625","59.1823692321777","57.9972991943359","56.9353103637695","53.6092185974121","49.8564186096191","45.8287143496822","41.2559355037065","39.9364885164203","39.4193407936951","39.9094368765678","38.1200774873051","36.9356599791222","33.8299342647926","","40.7080731780113","","41.3044299796752","41.0056377579949","39.380484077989","40.4124014576017","",
"Nigeria","NGA","Children out of school (% of primary school age)","SE.PRM.UNER.ZS","","","","","","","","","","","","","","","","","","","","","","","","","","","","","","","","","","","","","","","","38.5837898254395","35.9521713256836","","","","35.3792381286621","35.045711517334","34.8441696166992","32.3568000793457","38.8613395690918","37.9379386901855","38.1161613464355","","","","","","","","","","","","","24.3187007904053","","",
"Nicaragua","NIC","Children out of school (% of primary school age)","SE.PRM.UNER.ZS","","","","","","","","","","","45.6757011413574","43.6379814147949","44.5610313415527","44.164249420166","44.5865211486816","42.948429107666","41.9366188049316","42.8670501708984","44.7697715759277","","35.8890495300293","","37.0326309204102","36.4851493835449","37.9907989501953","33.9731483459473","35.3458709716797","33.880241394043","33.6617813110352","35.2639694213867","32.6193008422852","29.8231201171875","26.2755107879639","25.4372005462646","24.5845108032227","26.6268901824951","27.7567806243896","","","18.3110198974609","15.2902297973633","11.4244298934937","4.45210981369019","","1.06045997142792","0.952709972858429","3.02220988273621","3.78291010856628","3.21033000946045","","4.45765018463135","","","","","","","","","","","","","6.6563401222229","","",
"Netherlands","NLD","Children out of school (% of primary school age)","SE.PRM.UNER.ZS","","","","","","","","","","","","","","","","","","","","","","","","","","","","","","","","","","","","","","","","","","","","","","","","","","","","","","","","","","0.202069997787476","0.260549992322922","0.126550003886223","0.173940002918243","0.191049993038177","0.405660003423691","0.51911997795105","","",
"Norway","NOR","Children out of school (% of primary school age)","SE.PRM.UNER.ZS","","","","","","","","","","","","","","","","","","","","","","","","","","","","","","","","","","","","","","","","","","0.527980029582977","0.546019971370697","0.578069984912872","0.517470002174377","0.61405998468399","0.509649991989136","0.311830013990402","0.162699997425079","0.181769996881485","0.252790004014969","0.194749996066093","0.270639985799789","0.263069987297058","0.414409995079041","0.532079994678497","0.697990000247955","0.65148001909256","0.752420008182526","0.832340002059937","1.03313994407654","0.939869999885559","0.949949979782104","1.3118599653244","1.37849998474121","",
"Nepal","NPL","Children out of school (% of primary school age)","SE.PRM.UNER.ZS","","","","","","","","","","","","","","","","","","","","","","","","42.8192901611328","41.3553199768066","","","","35.0823593139648","","","","","","","","","","","36.4900512695312","30.9445209503174","","","23.5147304534912","21.5289802551269","","","","","","","1.70614004135132","1.2708899974823","","1.04433000087738","0.906520009040833","0.438199996948242","1.31737995147705","","","","0.244060860251706","0.632916456326474","2.00608969607645","2.03438449078477","0.762479077438538",
"Naoero","NRU","Children out of school (% of primary school age)","SE.PRM.UNER.ZS","","","","","","","","","","","","","","","","","","","","","","","","","","","","","","","","","","","","","","","","","","","","","","","","10.4212999343872","","","","","18.7121200561523","","7.99166011810303","","8.21405982971191","","","3.62890005111694","8.25990962982178","","4.91978979110718","0.421979993581772","2.99529413001811","6.5964518220428",
"New Zealand","NZL","Children out of school (% of primary school age)","SE.PRM.UNER.ZS","","","","","","","","","","","","","","","","","","","","","","","","","","","","","","","","","","","","","","","","","","","","","","","","","","","","","","0.633639991283417","0.92535001039505","1.17346000671387","1.19614005088806","","1.28593003749847","0.975210011005402","1.29258000850677","1.3500200510025","2.54800009727478","2.30181002616882","2.62452006340027","",
"OECD members","OED","Children out of school (% of primary school age)","SE.PRM.UNER.ZS","","","","","","","","","","","","","","","","","","","","","","","","","","","","","","","","","","","","","","","","","","","","","","","","","","","","","","","","","","","","","","","","","","",
"Oman","OMN","Children out of school (% of primary school age)","SE.PRM.UNER.ZS","","","","","","","","","","","","","","85.622200012207","79.7320404052734","71.9415817260742","71.0395278930664","","63.3745994567871","60.2724800109863","","54.9198417663574","52.0103416442871","48.3721694946289","41.0016403198242","37.9287986755371","32.0353813171387","30.2648792266846","31.6496505737305","31.114839553833","30.3658103942871","29.4082202911377","28.001579284668","23.8473491668701","21.9236907958984","20.7335395812988","19.4118595123291","19.2804393768311","18.0185508728027","17.145809173584","15.9029598236084","14.8328504562378","14.6902503967285","12.1141996383667","","","","","","1.85801994800568","","0.269722336497332","1.53327327265133","1.08152445336711","1.91830732424661","3.5883981753807","4.2137314605638","2.6987757879869","1.35803051126494","2.73848797250859","10.3380692764413","10.9045809644801","11.0642437321693","","5.7558798789978","",
"Other small states","OSS","Children out of school (% of primary school age)","SE.PRM.UNER.ZS","","","","","","","","","","","","","","","","","","","","","","","","","","","","","","","","","","","","","","","","","","","","","","","","","","","","","","","","","","","","","","","","","","",
"Pakistan","PAK","Children out of school (% of primary school age)","SE.PRM.UNER.ZS","","","","","","","","","","","","","","","","","","","","","","","","","","","","","","","","","","","","","","","","","","","","","","","","","","","","","","","","","","","","","","30.2268807618236","28.5492493900068","27.7386035347713","17.9321832663555","",
"Panama","PAN","Children out of school (% of primary school age)","SE.PRM.UNER.ZS","","","","","","","","","","","24.9033203125","17.1079196929932","14.8537502288818","13.0551996231079","","11.5984401702881","11.8167495727539","","9.25026988983154","10.3245096206665","10.9779901504517","11.8574104309082","12.4056596755981","13.1358003616333","12.9960603713989","12.1605701446533","12.076379776001","11.3310899734497","12.5218296051025","11.6053199768066","12.2375297546387","","","","","","","","","6.83752012252808","5.54834985733032","3.98185992240906","1.63929998874664","","0.12066999822855","0.502040028572083","0.060759998857975","0.096000000834465","0.529980003833771","3.26665997505188","2.87930480180037","4.10605912934336","4.93138147559313","5.88213255404443","7.9466505564979","10.0908468827976","","12.669396973985","","12.0800021307859","9.79184712591622","3.46076599159559","3.04311494432033","8.90364819290592","7.69758987426758","",
"Peru","PER","Children out of school (% of primary school age)","SE.PRM.UNER.ZS","","","","","","","","","","","22.1607704162598","","","17.3533306121826","","","","","","","14.9730997085571","10.3517999649048","9.82973957061768","","","5.19212007522583","","","9.25932025909424","","","","","10.0619897842407","","15.1423902511597","15.4383296966553","15.879469871521","3.04304003715515","1.95975005626678","1.54067003726959","0.950259983539581","0.438289999961853","1.92358994483948","0.313989996910095","0.45508000254631","0.705349981784821","0.81564998626709","0.814999997615814","0.804899990558624","0.626399993896484","0.773940026760101","","","","","0.0775699988007545","0.0450100004673004","0.18350000679493","0.156479999423027","","","","","","",
"Philippines","PHL","Children out of school (% of primary school age)","SE.PRM.UNER.ZS","","","","","","","","","","","","","","","","","11.9689197540283","","","11.0917501449585","","12.0797100067139","11.2575998306274","11.9745101928711","11.8144798278809","7.86600017547607","8.40371990203857","8.21856021881104","6.38908004760742","5.16614007949829","4.76387977600098","","8.61995983123779","9.92681980133057","11.7072496414185","","9.55449962615967","","12.8154697418213","15.4437303543091","","13.9431104660034","13.5318899154663","13.8996496200562","14.05126953125","13.4612503051758","14.6835603713989","14.5122699737549","13.7479295730591","12.0926399230957","","","","","9.93427874120237","10.5572172514441","10.7328137558557","10.5767412405042","10.7031630173745","9.05763364928716","8.45982646763214","12.2762504481922","10.9039971057194","10.4968226071136","11.6352284796706","",
"Palau","PLW","Children out of school (% of primary school age)","SE.PRM.UNER.ZS","","","","","","","","","","","","","","","","","","","","","","","","","","","","","","","","","","","","","","","","","","","","","","","","","","","","","","0.686500012874603","1.92572214580468","","","","","","1.64423435341583","0.562004657796398","14.2049469964664","8.19554277498203","1.33400252085981","",
"Papua New Guinea","PNG","Children out of school (% of primary school age)","SE.PRM.UNER.ZS","","","","","","","","","","","","","","","","","","","","","","","","","","","","","","28.8847007751465","","","","","","","","","","","","","","","","","","","","","","","30.2400893753614","","32.7661653116185","","10.7805995941162","","0.921261573904734","1.62580349270561","3.16003801648677","4.00264879525902","","","","",
"Poland","POL","Children out of school (% of primary school age)","SE.PRM.UNER.ZS","","","","","","","","","","","","","","","","","","","","","","","","","","","","","","","","","","","","","","","","","","0.910600006580353","0.991389989852905","0.967419981956482","1.07597994804382","1.17068004608154","1.41007995605469","1.94965994358063","2.43730998039246","2.82641005516052","2.77237010002136","3.13685989379883","3.4054799079895","3.7704598903656","4.16347980499268","","","4.87842988967896","4.576819896698","3.40893006324768","1.47061002254486","0.0214900001883507","0.0187699999660254","0.123539999127388","0.091669999063015","",
"Pre-demographic dividend","PRE","Children out of school (% of primary school age)","SE.PRM.UNER.ZS","","","","","","","","","","","","","","","","","","","","","","","","","","","","","","","","","","","","","","","","","","","","","","","","","","","","","","","","","","","","","","","","","","",
"Puerto Rico (US)","PRI","Children out of school (% of primary school age)","SE.PRM.UNER.ZS","","","","","","","","","","","","","","","","","","","","","","","","","","","","","","","","","","","","","","","","","","","","","","","","","","","8.33959007263184","10.3335103988647","7.72627019882202","6.457200050354","5.31611013412476","5.505539894104","10.2026596069336","","9.84757995605469","","","","","12.998649597168","13.2522644734681","",
"Korea, Dem. People's Rep.","PRK","Children out of school (% of primary school age)","SE.PRM.UNER.ZS","","","","","","","","","","","","","","","","","","","","","","","","","","","","","","","","","","","","","","","","","","","","","","","","","","0.505410015583038","","","","","","","","","","","","","","","","",
"Portugal","PRT","Children out of school (% of primary school age)","SE.PRM.UNER.ZS","","","","","","","","","","","","","","","","","","","","","","","","","","","","","","","","","","","","","","","","","","0.271459996700287","0.0135000003501773","0.0780199989676476","0.0699200034141541","0.177239999175072","0.0863699987530708","0.328539997339249","0.834119975566864","0.128299996256828","0.0261300001293421","0.0093599995598197","0.244029998779297","0.227840006351471","0.75560998916626","1.94754004478455","2.49994993209839","2.46442008018494","2.0175199508667","0.991970002651215","0.230519995093346","0.098860003054142","0.178660005331039","0.508170008659363","","",
"Paraguay","PRY","Children out of school (% of primary school age)","SE.PRM.UNER.ZS","","","","","","","","","","","15.2309398651123","","26.7628898620606","15.3161897659302","","17.5554599761963","15.7336597442627","14.0710201263428","11.7783498764038","10.1253700256348","7.87928009033203","6.38800001144409","","6.1082501411438","5.96365022659302","5.23545980453491","5.69047021865845","4.44186019897461","2.65149998664856","1.09405994415283","0.544380009174347","0.382499992847443","9.08452987670898","0.358289986848831","4.67494010925293","5.59095001220703","2.68988990783691","","","0.687110006809235","0.847190022468567","0.770699977874756","0.705399990081787","0.6424800157547","0.71016001701355","0.781409978866577","0.686749994754791","0.56274002790451","1.22443997859955","2.05831003189087","1.58320999145508","1.50367999076843","1.48988550220991","","","","10.2591377383337","","","","12.0254232521514","12.2779204150194","12.1999708747458","12.4342550094008","13.3311253107393","",
"West Bank and Gaza","PSE","Children out of school (% of primary school age)","SE.PRM.UNER.ZS","","","","","","","","","","","","","","","","","","","","","","","","","","","","","","","","","","","","","","","","10.1958904266357","7.53198003768921","7.98773002624512","6.74424982070923","6.65215015411377","7.12349987030029","9.89437961578369","11.2359600067139","12.2886800765991","10.6464395523071","9.48309993743896","8.59480110388149","8.50865663524293","6.3999400138855","6.57581542621474","5.49728956400732","5.34255548705302","4.89610223212692","3.73892543209473","4.64906069392744","5.54189608800545","6.46455748856101","8.22980273950283","9.50721544328104","9.55693065349131","","",
"Pacific island small states","PSS","Children out of school (% of primary school age)","SE.PRM.UNER.ZS","","","","","","","","","","","","","","","","","","","","","","","","","","","","","","","","","","","","","","","","","","","","","","","","","","","","","","","","","","","","","","","","","","",
"Post-demographic dividend","PST","Children out of school (% of primary school age)","SE.PRM.UNER.ZS","","","","","","","","","","","","","","","","","","","","","","","","","","","","","","","","","","","","","","","","","","","","","","","","","","","","","","","","","","","","","","","","","","",
"French Polynesia","PYF","Children out of school (% of primary school age)","SE.PRM.UNER.ZS","","","","","","","","","","","","","","","","","","","","","","","","9.7828197479248","10.3190898895264","10.9662704467773","","","","8.47064971923828","8.16637992858887","","","4.46029996871948","","2.69277000427246","4.05515003204346","","","","","","","","","","","","","","","","","","","","","","","","","","","","","",
"Qatar","QAT","Children out of school (% of primary school age)","SE.PRM.UNER.ZS","","","","","","","","","","","","23.2991790771484","27.1859893798828","30.7688598632812","34.0104904174805","","33.2333602905273","30.8567600250244","27.0477199554443","24.9717998504639","22.0271091461182","19.3558006286621","15.462140083313","15.6624298095703","12.4424800872803","11.6826896667481","9.05286979675293","9.33041000366211","7.22402000427246","5.34148979187012","4.15686988830566","4.59544992446899","6.3790397644043","8.97712993621826","6.64788007736206","","","","0.825980007648468","4.25200986862183","","10.5038204193115","9.87088012695312","12.7458295822144","7.47645998001099","5.3055100440979","7.65679979324341","4.03859996795654","","2.81048011779785","3.24981422998328","3.77677918277772","1.24047152071497","2.96315187924471","6.33037842919983","3.98114564442499","1.69530800337866","0.0882256787682022","0.664701182640158","1.87943493262157","2.44465376242132","12.7470870611191","7.9395731155049","6.805260181427","4.61719989776611","",
"Romania","ROU","Children out of school (% of primary school age)","SE.PRM.UNER.ZS","","","","","","","","","","","","","","","","","","","","","","","","","","","","","","","","","","","","","","","","","","0.634639978408813","1.39107000827789","4.25818014144897","5.31166982650757","7.21615982055664","6.16893005371094","6.30143976211548","3.27747011184692","1.18788003921509","2.40249991416931","4.15128993988037","6.32426023483276","","","7.88606023788452","8.94709968566895","9.39772987365723","8.44326972961426","7.58277988433838","8.2678804397583","9.58043956756592","15.6128101348877","15.589879989624","","",
"Russian Federation","RUS","Children out of school (% of primary school age)","SE.PRM.UNER.ZS","","","","","","","","","","","","","","","","","","","","","","","","","","","","","","","","","","","4.56218004226685","8.84597969055176","","","","","","","","","","","5.73221015930176","6.0423002243042","4.50938987731934","4.72288990020752","","4.44663000106812","2.74528002738953","3.14973998069763","2.75061011314392","2.02374005317688","2.06768989562988","0.371010005474091","0.0791599974036217","0.196549996733665","0.27993552724874","0.260651918378108","2.63493990898132","4.93521976470947","","",
"Rwanda","RWA","Children out of school (% of primary school age)","SE.PRM.UNER.ZS","","","","","","","","","","","","","","49.596061706543","51.0631484985352","52.865348815918","","49.0553283691406","46.6050109863281","","","","","","","","","","","","","","","","","","","","","34.5590286254883","","","11.2842597961426","12.4798898696899","","","","","","","","","","","","","0.804643405458542","1.15994101585871","1.38027317370268","1.55754734497864","","0.101780457504331","","0.48878508827946","0.97025520511033","",
"South Asia","SAS","Children out of school (% of primary school age)","SE.PRM.UNER.ZS","","","","","","","","","","","","","","","","","","","","","","","","","","","","","","","","","","","","","","","","","","","","","","","","","","","","","","","","","","","","","","","","","","",
"Saudi Arabia","SAU","Children out of school (% of primary school age)","SE.PRM.UNER.ZS","","","","","","","","","","","","","","","","","","","","30.7073402404785","","","","","","","","","","","","","","","","","","","","","","","","","","","","","","","","","","7.55348780331487","5.96624481061017","3.74375088923435","2.8759790573188","","","","2.63566994667053","2.81739997863769","","","0.526757106679931","",
"Sudan","SDN","Children out of school (% of primary school age)","SE.PRM.UNER.ZS","","","","","","","","","","","","","","","","","","","","","","","","","","","","","","","","","","","","","","","","","","","","","","","","","","","","45.0578002929688","48.5976715087891","47.8816909790039","47.7439804077148","47.2944793701172","45.5427894592285","43.4814796447754","38.7525405883789","43.8378410339355","","","","","","",
"Senegal","SEN","Children out of school (% of primary school age)","SE.PRM.UNER.ZS","","","","","","","","","","","","","","","","","","","70.8635025024414","68.394157409668","67.3210601806641","66.2456436157227","64.6147766113281","62.7334289550781","61.9155197143555","61.2524604797363","57.0412483215332","","56.3314399719238","56.8418388366699","57.3327713012695","","57.237621307373","","55.9277801513672","","51.4995918273926","47.1509590148926","44.4155082702637","45.2036781311035","41.815128326416","","","34.3889503479004","35.8284187316895","34.672191619873","31.88258934021","29.5122299194336","28.5718193054199","28.4303398132324","27.5824606934846","26.9863788412477","24.0859070766121","24.8350136207954","24.2169425480126","24.2552354734048","","","","24.6743507385254","22.9256896972656","24.8934307098389","24.9268181684724","24.0510928115725","24.5260525439769","",
"Singapore","SGP","Children out of school (% of primary school age)","SE.PRM.UNER.ZS","","","","","","","","","","","","","","","","","","","","","","","","","","","","","","","","","","","","","","","","","","","","","","","","","","","","","","","","","0.0103873256314199","0.0308115794424943","0.204341834697759","0.101079747085719","0.115783758557419","0.648093666589919","0.930600302730494","0.211558480808623","","",
"Solomon Islands","SLB","Children out of school (% of primary school age)","SE.PRM.UNER.ZS","","","","","","","","","","","","","","","","","","","","","","","","","","","","","","","","","","","","","","","","","","","","","","26.2808303833008","21.1834201812744","20.7236595153809","","","","","","1.74711000919342","2.78065991401672","2.84056997299194","","","9.80052871562183","12.0927072234172","","","","32.4041514993651","30.1391142134865","",
"Sierra Leone","SLE","Children out of school (% of primary school age)","SE.PRM.UNER.ZS","","","","","","","","","","","","","","","","","","","","","","","","53.1300888061523","","","","","","","","","","","","","","","","","","","","","","","","","","","","5.90714061665169","3.14184009843336","","","0.888260006904602","","","","","","","","","","",
"El Salvador","SLV","Children out of school (% of primary school age)","SE.PRM.UNER.ZS","","","","","","","","","","","34.9136695861816","","","","","","","","","","","","","","","","","","","","","","","","","","","","20.8905696868896","","11.3320302963257","9.40816020965576","6.47303009033203","5.08526992797852","","","","","","","","","","","6.38912066597844","7.31663982808265","8.22636745457395","12.3320904754004","11.6173517989302","14.3640672908615","14.7803448727515","15.7143914717205","15.6107219459447","14.321016042142","8.66362597172731","",
"San Marino","SMR","Children out of school (% of primary school age)","SE.PRM.UNER.ZS","","","","","","","","","","","","","","","","","","","","6.33675003051758","5.20050001144409","4.55711984634399","3.85368990898132","3.55262994766235","4.30179023742676","3.85135006904602","4.12088012695312","0.293900012969971","2.37186002731323","1.99080002307892","2.54990005493164","2.10868000984192","1.72696995735169","0.672269999980927","1.03184998035431","","5.7644100189209","6.96556997299194","","","8.27789974212646","","","","1.76751005649567","","","","7.72917985916138","8.12092018127441","8.79249954223633","9.36395759717314","8.18020154119739","","","","","","4.92997198879552","5.55237550085861","5.59481743227326","6.30630630630631","6.3125","6.76642810670137","6.13207547169811","",
"Somalia, Fed. Rep.","SOM","Children out of school (% of primary school age)","SE.PRM.UNER.ZS","","","","","","","","","","","","","","","","","82.5020065307617","83.2891235351562","84.9379730224609","84.7585525512695","85.2727584838867","","","","","","","","","","","","","","","","","","","","","","","","","","","","","","","","","","","","","","","","","","","","","",
"Serbia","SRB","Children out of school (% of primary school age)","SE.PRM.UNER.ZS","","","","","","","","","","","","","","","","","","","","","","","","","","","","","","","","","","","","","","","","","","","","","","1.27930998802185","0.821820020675659","1.28603005409241","1.44736003875732","3.45296001434326","5.08128023147583","2.62197995185852","3.64715003967285","3.50304007530212","1.21569001674652","0.883239984512329","0.831439971923828","1.02643001079559","1.43445003032684","1.84319996833801","2.8929500579834","3.7477400302887","3.96272993087769","","3.33343005180359","",
"Sub-Saharan Africa (excluding high income)","SSA","Children out of school (% of primary school age)","SE.PRM.UNER.ZS","","","","","","","","","","","","","","","","","","","","","","","","","","","","","","","","","","","","","","","","","","","","","","","","","","","","","","","","","","","","","","","","","","",
"South Sudan","SSD","Children out of school (% of primary school age)","SE.PRM.UNER.ZS","","","","","","","","","","","","","","","","","","","","","","","","","","","","","","","","","","","","","","","","","","","","","","","","","","","","55.3255996704102","","","","63.7374687194824","","","","","","","","","64.7346801757812","",
"Sub-Saharan Africa","SSF","Children out of school (% of primary school age)","SE.PRM.UNER.ZS","","","","","","","","","","","","","","","","","","","","","","","","","","","","","","","","","","","","","","","","","","","","","","","","","","","","","","","","","","","","","","","","","","",
"Small states","SST","Children out of school (% of primary school age)","SE.PRM.UNER.ZS","","","","","","","","","","","","","","","","","","","","","","","","","","","","","","","","","","","","","","","","","","","","","","","","","","","","","","","","","","","","","","","","","","",
"Sao Tome and Principe","STP","Children out of school (% of primary school age)","SE.PRM.UNER.ZS","","","","","","","","","","","","","","","","","","","","","","","","6.17317008972168","4.23634004592896","","","3.36083006858826","0.902660012245178","","3.78240990638733","","","","","","","","","20.0530891418457","","","4.8701000213623","4.13401985168457","2.71727991104126","1.96514999866486","","7.88847017288208","7.51774978637695","7.07305002212524","7.21825981140137","","","8.58726024627686","8.61588001251221","9.16201972961426","","2.87733006477356","","","","","","","","",
"Suriname","SUR","Children out of school (% of primary school age)","SE.PRM.UNER.ZS","","","","","","","","","","","","","","","","","","5.46802997589111","4.0421199798584","","","","","","","6.46119022369385","","11.3863000869751","11.5101003646851","7.02410984039307","","","","","","","","","","","","","","","","18.0458507537842","18.0921497344971","21.9034900665283","17.9097805023193","15.9999399185181","18.080812528437","18.6252836973502","17.8927504791905","17.3105742716701","16.8619044743675","14.0333853874494","13.7282557592854","19.0626106262207","19.0972194671631","16.4044842238496","17.9470198675497","21.7833404541016","29.7980133502202","39.6057788512874","16.2221505973869","",
"Slovak Republic","SVK","Children out of school (% of primary school age)","SE.PRM.UNER.ZS","","","","","","","","","","","","","","","","","","","","","","","","","","","","","","","","","","","","","","","","","","0.647469997406006","2.02197003364563","2.40364003181458","2.52202010154724","2.75740003585815","3.4109799861908","3.25996994972229","3.674880027771","4.46784019470215","4.7928900718689","5.4077000617981","5.72231006622315","5.8718900680542","6.34392023086548","6.25650978088379","6.69732999801636","5.94450998306274","7.00273990631104","6.00138998031616","4.97786998748779","4.33282995223999","2.85927009582519","1.22950005531311","1.06402003765106","",
"Slovenia","SVN","Children out of school (% of primary school age)","SE.PRM.UNER.ZS","","","","","","","","","","","","","","","","","","","","","","","","","","","","","","","","","","","","","","","","","","2.28728008270264","2.87393999099731","2.62067008018494","2.72746992111206","1.93455004692078","1.57670998573303","2.62626004219055","2.18836998939514","2.136549949646","2.06888008117676","2.19342994689941","1.99038994312286","1.99244999885559","1.92056000232697","1.71205997467041","2.20773005485535","2.06335997581482","1.51131999492645","1.28426003456116","0.999339997768402","1.50478005409241","1.2043399810791","1.44739997386932","","",
"Sweden","SWE","Children out of school (% of primary school age)","SE.PRM.UNER.ZS","","","","","","","","","","","","","","","","","","","","","","","","","","","","","","","","","","","","","","","","","","0.409900009632111","0.34171000123024","0.341630011796951","0.37457001209259","0.353080004453659","0.299490004777908","0.314379990100861","0.293579995632172","0.440849989652634","0.808650016784668","","0.542150020599365","0.877539992332458","1.28245997428894","0.801379978656769","","","","0.757759988307953","0.683870017528534","0.507719993591309","0.566910028457642","0.425709992647171","0.570439994335175","",
"Eswatini","SWZ","Children out of school (% of primary school age)","SE.PRM.UNER.ZS","","","","","","","","","","","43.6876182556152","43.4680213928223","40.8885383605957","37.130241394043","35.3489303588867","32.3370780944824","30.8141098022461","29.0659503936768","28.538179397583","27.5959091186523","25.8204708099365","23.4913101196289","24.4906692504883","26.2915000915527","26.5178508758545","25.4068603515625","27.0171298980713","26.6119403839111","26.9804096221924","27.6865901947021","26.0891304016113","26.2546291351318","25.7643795013428","27.2722702026367","26.7003307342529","25.1002101898193","27.2050895690918","","","","","","","","","","","","","19.9394798278809","13.3622978271524","8.26201347228763","12.3784008073316","14.7385852850722","12.3178951385415","11.5380643562311","10.5322334946476","11.2136425960972","9.62980771743505","8.4595040456676","","","3.8254239516235","","","",
"Sint Maarten (Dutch part)","SXM","Children out of school (% of primary school age)","SE.PRM.UNER.ZS","","","","","","","","","","","","","","","","","","","","","","","","","","","","","","","","","","","","","","","","","","","","","","","","","","","","","3.7625968762122","","","","","","","","","","","6.78133010864258","","",
"Seychelles","SYC","Children out of school (% of primary school age)","SE.PRM.UNER.ZS","","","","","","","","","","","","","","","","","","","","15.7573900222778","","","","","","","","","","","","","","8.25823974609375","5.91117000579834","6.08223009109497","5.88047981262207","","1.23304998874664","","","0.616550028324127","1.29229998588562","0.912440001964569","0.100950002670288","","","","","","","","","","","","","","","","","3.1880345238107","1.9270192701927","3.32962250784334","6.80491018295288","",
"Syrian Arab Republic","SYR","Children out of school (% of primary school age)","SE.PRM.UNER.ZS","","","","","","","","","","","","28.5347194671631","","20.0254402160644","17.9892902374268","17.8374996185303","16.3830890655518","16.3266506195068","18.0272998809814","17.8750305175781","16.4925804138184","15.9002895355225","15.1561498641968","14.2569103240967","12.1458797454834","10.4711303710938","8.69482040405273","5.04406976699829","4.81773996353149","4.07125997543335","4.14163017272949","3.95747995376587","3.59320998191833","3.58914995193481","3.39755010604858","4.78360986709595","6.1122899055481","7.30089998245239","6.71330976486206","6.04299020767212","6.21777009963989","6.43502998352051","5.04973983764648","2.03198003768921","1.62577998638153","1.52076005935669","1.44948995113373","1.4103000164032","1.2789900302887","1.18517994880676","1.21785998344421","0.949570000171661","0.95880001783371","35.8599510192871","","","","","","","33.4405097961426","34.611198425293","31.0699901580811","26.3356609344482","21.8050308227539","",
"Turks and Caicos Islands","TCA","Children out of school (% of primary school age)","SE.PRM.UNER.ZS","","","","","","","","","","","","","","","","","","","","","","","","","","","","","","","","","","","","","","15.2512998580933","","8.85743999481201","4.56388998031616","","4.17881011962891","20.955530166626","11.9004497528076","9.78960990905762","","","","3.70178008079529","","","","","12.752664461595","8.88002899601305","","6.30674440883694","","","","5.0308714530671","","","0.133396408670034","",
"Chad","TCD","Children out of school (% of primary school age)","SE.PRM.UNER.ZS","","","","","","","","","","","","","","","","76.6659774780273","","76.4817962646484","","","","","","","","","","","66.9745635986328","","","","","","","","63.0122604370117","57.7527885437012","52.8761215209961","51.5320014953613","50.3504981994629","49.1380500793457","45.3430480957031","43.6835098266602","","","","","","","","38.5633201599121","","23.8946800231934","","23.8205570675957","30.1148001004133","35.8069689879102","30.1838629876176","31.0593254637437","","28.5606895527088","28.392240524292","26.7173267906805","24.8041149068773","",
"East Asia & Pacific (IDA & IBRD countries)","TEA","Children out of school (% of primary school age)","SE.PRM.UNER.ZS","","","","","","","","","","","","","","","","","","","","","","","","","","","","","","","","","","","","","","","","","","","","","","","","","","","","","","","","","","","","","","","","","","",
"Europe & Central Asia (IDA & IBRD countries)","TEC","Children out of school (% of primary school age)","SE.PRM.UNER.ZS","","","","","","","","","","","","","","","","","","","","","","","","","","","","","","","","","","","","","","","","","","","","","","","","","","","","","","","","","","","","","","","","","","",
"Togo","TGO","Children out of school (% of primary school age)","SE.PRM.UNER.ZS","","","","","","","","","","","","52.8563804626465","51.7132987976074","","","","","","35.230110168457","34.075611114502","33.8946495056152","","36.5043601989746","38.4648590087891","44.584358215332","46.0374412536621","49.9839210510254","41.0266914367676","40.2351684570312","39.6266212463379","38.2850608825684","35.8804702758789","","","34.8928489685059","27.4311599731445","21.0417404174805","24.2845802307129","","12.479100227356","16.5392208099365","14.5357103347778","10.6059598922729","13.7959995269775","11.1623201370239","11.7137699127197","8.66606044769287","12.8158597946167","11.3959503173828","","","","","","9.06250703167325","7.74081270988802","10.7183198928833","9.2267726664165","9.66898199219433","8.06120537943827","4.34724866408301","3.53334486965276","0.881169391609611","0.764924089821886","0.638596108257035","",
"Thailand","THA","Children out of school (% of primary school age)","SE.PRM.UNER.ZS","","","","","","","","","","","","","","25.6249904632568","24.8463191986084","","","","","","","","","","","","","","","","","","","","","","","","","","","","","","","","4.3619499206543","4.94903993606567","6.21662998199463","7.33046007156372","","","","","","","","3.29965532198077","0.265980318422663","0.549957350514943","0.392652778472324","0.505203041988246","0.31251263461281","1.60896342705105","0.551773167101232","0.817190014634514",
"Tajikistan","TJK","Children out of school (% of primary school age)","SE.PRM.UNER.ZS","","","","","","","","","","","","","","","","","","","","","","","","","","","","","","","","","","","","","","","","","6.85094976425171","7.43593978881836","5.92671012878418","6.97310018539429","6.72551012039185","6.43810987472534","6.6532998085022","6.30280017852783","5.16552019119263","3.86964011192322","2.59742999076843","3.07258009910583","7.24643993377685","9.13634014129639","9.38070011138916","8.27585983276367","6.5635199546814","4.15082979202271","","","","","","","","",
"Turkmenistan","TKM","Children out of school (% of primary school age)","SE.PRM.UNER.ZS","","","","","","","","","","","","","","","","","","","","","","","","","","","","","","","","","","","","","","","","","","","","","","","","","","","","","","","","","","","","","","","2.14023995399475","2.65810990333557","4.30782245373809","",
"Latin America & the Caribbean (IDA & IBRD countries)","TLA","Children out of school (% of primary school age)","SE.PRM.UNER.ZS","","","","","","","","","","","","","","","","","","","","","","","","","","","","","","","","","","","","","","","","","","","","","","","","","","","","","","","","","","","","","","","","","","",
"Timor-Leste","TLS","Children out of school (% of primary school age)","SE.PRM.UNER.ZS","","","","","","","","","","","","","","","","","","","","","","","","","","","","","","","","","","","","","","","","","","","","","","","","","11.7415895462036","7.25345993041992","5.93216095778001","4.0353239561533","6.4698019329309","6.46907891291826","6.77592840371309","6.66174359827762","7.22636160003342","4.85047660746219","5.59146787374759","5.70042777513719","5.15670910871694","","","6.87728977203369","","",
"Middle East, North Africa, Afghanistan & Pakistan (IDA & IBRD)","TMN","Children out of school (% of primary school age)","SE.PRM.UNER.ZS","","","","","","","","","","","","","","","","","","","","","","","","","","","","","","","","","","","","","","","","","","","","","","","","","","","","","","","","","","","","","","","","","","",
"Tonga","TON","Children out of school (% of primary school age)","SE.PRM.UNER.ZS","","","","","","","","","","","4.55189990997315","2.74903011322021","1.79495000839233","","6.11477994918823","2.59416007995606","","","2.09838008880615","","","","13.253080368042","22.4069404602051","12.3919496536255","12.7836503982544","12.6338300704956","","","","13.226770401001","","","13.2761697769165","","","","","10.2042198181152","8.56307029724121","","","","","0.384609997272492","0.0632999986410141","0.0906300023198128","","","","","","3.17655066937478","3.16681809428075","","2.26038555230508","","","0.214388988470064","0.0236200001090765","0.345165195731341","3.6958910665054","2.28040974723023","","","",
"South Asia (IDA & IBRD)","TSA","Children out of school (% of primary school age)","SE.PRM.UNER.ZS","","","","","","","","","","","","","","","","","","","","","","","","","","","","","","","","","","","","","","","","","","","","","","","","","","","","","","","","","","","","","","","","","","",
"Sub-Saharan Africa (IDA & IBRD countries)","TSS","Children out of school (% of primary school age)","SE.PRM.UNER.ZS","","","","","","","","","","","","","","","","","","","","","","","","","","","","","","","","","","","","","","","","","","","","","","","","","","","","","","","","","","","","","","","","","","",
"Trinidad and Tobago","TTO","Children out of school (% of primary school age)","SE.PRM.UNER.ZS","","","","","","","","","","","","8.83633995056152","8.30685043334961","8.37944030761719","8.59862041473389","8.45545959472656","6.80428981781006","7.77966976165771","10.7138900756836","15.5857696533203","18.1029605865479","12.4169702529907","10.3556203842163","10.0013103485107","10.7296600341797","10.6373195648193","13.0690298080444","11.7805204391479","10.9716901779175","11.664999961853","12.2643604278565","11.6147499084473","11.1165599822998","11.4860801696777","","","12.7286500930786","13.5484399795532","","4.60628986358643","3.39790010452271","4.18802976608276","9.16512012481689","8.6378002166748","6.49439001083374","9.59354972839355","","2.67412996292114","8.19007968902588","7.1805100440979","5.63147020339966","","","","","","","","","","","","","","7.16445243681472","",
"Tunisia","TUN","Children out of school (% of primary school age)","SE.PRM.UNER.ZS","","","","","","","","","","","","20.4847908020019","","","","26.4912490844727","","","25.899019241333","24.0044097900391","21.5220108032227","19.4640007019043","17.0333595275879","14.0927200317383","11.2565803527832","10.8907203674316","10.2476301193237","9.91236972808838","10.0188798904419","9.07351970672607","9.0106201171875","7.86547994613647","7.57499980926514","6.63213014602661","6.27252006530762","5.29881000518799","5.54871988296509","5.78247022628784","","5.35435009002685","4.81252002716065","4.05060005187988","1.68210005760193","1.08278000354767","0.879840016365051","2.78323006629944","3.03008008003235","4.28252983093262","4.35975980758667","4.2088098526001","3.31820011138916","3.19835996627808","1.07100999355316","0.773530006408691","0.868040025234222","0.906719982624054","1.04528999328613","1.06553995609283","1.09092998504639","","1.76529002189636","1.71380996704102","1.57028996944427","1.09419000148773","","",
"Turkiye","TUR","Children out of school (% of primary school age)","SE.PRM.UNER.ZS","","","","","","","","","","","","","","","22.9983005523682","","","","","","","","","","","10.5758695602417","10.0844001770019","10.667610168457","9.33076000213623","9.46549034118652","7.67724990844727","8.15256977081299","7.81853008270264","10.2191896438599","11.4355802536011","12.706600189209","","11.7171697616577","","","","","","","","","","","","","","","","0.0084300003945827","0.279390007257461","1.34091997146606","1.81037998199463","0.706009984016418","0.207489997148514","0.20236000418663","0.225869998335838","0.218380004167557","0.263200014829636","0.602609992027283","","",
"Tuvalu","TUV","Children out of school (% of primary school age)","SE.PRM.UNER.ZS","","","","","","","","","","","","","","","","","","","","","","","","","","","","","","","","","","","","","","","","","","","","","","","","","","","","","","","1.96167004108429","1.55897072500998","2.64510989189148","","","8.56515373352855","4.39062928003179","","0.870993388816725","0.36411991154408","0.536631120029539","",
"Tanzania","TZA","Children out of school (% of primary school age)","SE.PRM.UNER.ZS","","","","","","","","","","","","","","","","","49.9067993164062","","","","30.1046295166016","32.0249786376953","37.4241905212402","39.1117515563965","42.7731513977051","45.858570098877","47.4412117004395","48.9061813354492","50.521800994873","50.3749008178711","50.7915115356445","51.0697288513184","50.4677085876465","50.6765098571777","51.4371681213379","51.2671508789062","50.8530883789062","50.0904083251953","50.3364715576172","49.6888313293457","45.9324493408203","41.0888900756836","25.8526191711426","17.418830871582","13.3702898025513","9.3471097946167","4.50250005722046","","3.75728988647461","","9.80891036987305","10.5267897260479","13.4591330337129","16.2182670783914","17.4975700378418","19.5356292724609","15.4571199417114","15.0774402618408","16.9341122677855","14.3421514078772","13.3949096880131","12.6834490838155","12.997640717073","14.0758314779429","16.3666331530062","",
"Uganda","UGA","Children out of school (% of primary school age)","SE.PRM.UNER.ZS","","","","","","","","","","","","","","","","","","","","65.3462677001953","","61.9031105041504","59.9712982177734","","","","44.432689666748","","","","","","","","","","","","","","","","","","","","","","","5.35416984558105","8.88082981109619","5.59645986557007","","4.11656999588013","","","","","","","","","","","","",
"Ukraine","UKR","Children out of school (% of primary school age)","SE.PRM.UNER.ZS","","","","","","","","","","","","","","","","","","","","","","","","","","","","","","","","","","","","","","","","","","","1.99586999416351","8.08292961120605","8.16621017456055","7.68099021911621","7.73538017272949","7.5545802116394","7.6660099029541","8.14208030700684","8.44559104129893","9.13204099015239","10.2357087325781","10.7131898504704","11.3242558129257","15.9672580847112","16.2605425300323","16.4608845964422","16.8042019221829","16.3829070147111","16.3474816502954","15.8709869329201","","12.01416015625","12.933690071106","",
"Upper middle income","UMC","Children out of school (% of primary school age)","SE.PRM.UNER.ZS","","","","","","","","","","","","","","","","","","","","","","","","","","","","","","","","","","","","","","","","","6.09999990463257","5.90000009536743","5.80000019073486","5.80000019073486","5.69999980926514","5.30000019073486","4.80000019073486","4.40000009536743","4","3.70000004768372","3.5","3.29999995231628","3.29999995231628","3.40000009536743","3.5","3.59999990463257","3.70000004768372","3.70000004768372","3.79999995231628","3.79999995231628","3.79999995231628","3.90000009536743","3.90000009536743","4","4","4",
"Uruguay","URY","Children out of school (% of primary school age)","SE.PRM.UNER.ZS","","","","","","","","","","","","","","","","","","","","","","","","13.2611303329468","13.2965097427368","11.8980302810669","10.9263896942139","10.8199596405029","","","","6.16270017623901","4.49256992340088","4.03110980987549","5.52833986282349","5.57618999481201","5.79414987564087","5.39762020111084","","","","","","","","0.315160006284714","2.37321996688843","4.90826988220215","3.37526988983154","2.78917002677917","1.87408995628357","1.15498271598503","1.4100657612108","0.392364650963138","","0.587117882100662","0.0343265728167346","0.251381459603338","0.49428211999129","0.52449767467906","0.367913911747648","0.390655824232071","0.374946005463525","0.0354518135477778","","",
"United States","USA","Children out of school (% of primary school age)","SE.PRM.UNER.ZS","","","","","","","","","","","","","","","","","","","","","","","","","","","","","","","","","","","","","","","","","","","","","","0.565190017223358","","","","","","","","2.8980700969696","","1.80586004257202","0.35997000336647","0.424380004405975","0.574209988117218","0.916570007801056","2.00507998466492","4.09511995315552","3.98220992088318","","","",
"Uzbekistan","UZB","Children out of school (% of primary school age)","SE.PRM.UNER.ZS","","","","","","","","","","","","","","","","","","","","","","","","","","","","","","","","","","","","","","","","","","","","","","","","5.55917978286743","3.01612997055054","2.51174998283386","3.32286918442805","4.43927624540676","4.86679435834929","4.69112727045001","2.71691315194567","2.34213829972093","1.67422440966654","1.8431509533907","0.373896367832431","1.58556453241373","1.24151080621542","1.45487922871573","4.10981300842443","4.80832625880641","0.565685032172444","0.655471451573637",
"St. Vincent and the Grenadines","VCT","Children out of school (% of primary school age)","SE.PRM.UNER.ZS","","","","","","","","","","","","","","","","","","","","","","","","","9.37123966217041","","7.75892019271851","","","","","","","","1.65474998950958","","","","","","1.38680994510651","","0.621569991111755","1.33076000213623","2.20987010002136","5.65401983261108","","1.8954199552536","0.0258699990808964","0.666530013084412","0.721660017967224","2.12270998954773","0.905690014362335","0.306001657894131","","1.25467495923156","","0.590386993531064","","","","","","","","",
"Venezuela, RB","VEN","Children out of school (% of primary school age)","SE.PRM.UNER.ZS","","","","","","","","","","","","26.652250289917","25.4040107727051","24.94993019104","25.7943801879883","24.8108997344971","21.9752693176269","20.5030193328857","19.0017509460449","18.1795997619629","","","","","","","","","","","","","","","","","","","","12.1337699890137","9.68085956573486","7.73915004730225","4.34611988067627","6.07839012145996","5.9939398765564","6.83640003204346","6.7968602180481","5.39048004150391","7.65006017684937","6.06200981140137","5.42917013168335","5.2243800163269","5.32407999038696","6.06599998474121","6.6701397895813","7.03154993057251","9.50854969024658","11.5639200210571","","","","","0.538670003414154","0.553709983825684","","",
"British Virgin Islands","VGB","Children out of school (% of primary school age)","SE.PRM.UNER.ZS","","","","","","","","","","","","","","","","","","","","","","","","13.0769195556641","15.2908601760864","5.8888897895813","","","","","4.3721399307251","2.93241000175476","2.05981993675232","","1.8000899553299","","","","","0.862670004367828","14.3486995697022","5.3062801361084","2.51927995681763","2.88128995895386","","8.59403991699219","10.8760204315185","0.660830020904541","","0.713020026683807","0.619839463831447","0.747900457952011","4.40835266821346","7.06781279847182","6.74023262749776","9.75889781859931","11.9822073950514","6.51846981048584","24.8601615910503","19.3428394296342","4.38259756877799","8.95672593089567","26.2132606506348","15.4088050314465","26.9662895202637","",
"Virgin Islands (U.S.)","VIR","Children out of school (% of primary school age)","SE.PRM.UNER.ZS","","","","","","","","","","","","","","","","","","","","","","","","","","","","","","","","","","","","","","","","","","","","","","","","","","","","","","","","","","","","","","","","","","",
"Viet Nam","VNM","Children out of school (% of primary school age)","SE.PRM.UNER.ZS","","","","","","","","","","","","","","","","","","","0.287449985742569","","","1.33519995212555","","","","7.89582014083862","","","","","","","","","","","","","0","0","0","0","0.346419990062714","","","1.91832995414734","0.965129971504211","","2.05124998092651","2.17955994606018","0.111450001597404","0.826730012893677","0","0","0.330066207246704","0.554983649251655","0.153986370093966","0.694404004653649","1.4513478010209","2.1625017974611","2.06990810463946","1.30053611244642","1.88444866533966","1.68178805269934","1.73176990456513","",
"Vanuatu","VUT","Children out of school (% of primary school age)","SE.PRM.UNER.ZS","","","","","","","","","","","","","","","","","","","","","","17.9449005126953","","","","","","","","15.9338102340698","","","","","0","","","","8.93960952758789","9.47465991973877","6.9750599861145","4.98529005050659","3.32291007041931","3.4049699306488","4.43720006942749","0.808319985866547","","","","","","","","","","0.188769996166229","","","","1.17183995246887","1.11036002635956","0.143472060649586","1.63304772448207","2.88290100048653","2.53090856763272","",
"World","WLD","Children out of school (% of primary school age)","SE.PRM.UNER.ZS","","","","","","","","","","","","","","","","","","","","","","","","","","","","","","","","","","","","","","","","","","","","","","","","","","","","","","","","","","","","","","","","","","",
"Samoa","WSM","Children out of school (% of primary school age)","SE.PRM.UNER.ZS","","","","","","","","","","","","","","","","","","","","","","","","","","","","","","","","","","","7.07033014297485","","","","5.33508014678955","4.61770009994507","1.56002998352051","1.18026995658874","","","","","","4.34366989135742","","3.36977005004883","0.377578403845093","1.19386767903737","2.28143516989437","","0.18652364660178","0.658610159452219","0.122763185515288","0.374925332288048","0.751926017723827","2.29419157940608","1.64634001255035","0.0384509811268935","0.461961699584143","3.61725894086948","1.80919443651844","",
"Kosovo","XKX","Children out of school (% of primary school age)","SE.PRM.UNER.ZS","","","","","","","","","","","","","","","","","","","","","","","","","","","","","","","","","","","","","","","","","","","","","","","","","","","","","","","","","","","","","","","","","","",
"Yemen, Rep.","YEM","Children out of school (% of primary school age)","SE.PRM.UNER.ZS","","","","","","","","","","","","","","","","","","","","","","","","","","","","","","","","","","","","","","","","49.909740447998","","41.9205589294434","","35.4873199462891","32.9294090270996","31.4223804473877","","","33.3573303222656","","29.8647308349609","","28.0925998687744","27.8604793548584","","","30.6211204528809","","","","","","","","","",
"South Africa","ZAF","Children out of school (% of primary school age)","SE.PRM.UNER.ZS","","","","","","","","","","","32.2471504211426","","","","","","","","","","","","","","","","","","","","","14.2667999267578","","","16.5084400177002","17.9855899810791","","","18.1836109161377","16.9053192138672","17.7876796722412","16.6883201599121","15.1361598968506","14.0235300064087","13.3209495544434","13.0178098678589","","","","","","","","","","4.91304016113281","","6.27600002288818","9.30520092526825","8.29678069336686","8.14937182551853","3.81266301586032","5.7776985719876","6.0640471391014","","",
"Zambia","ZMB","Children out of school (% of primary school age)","SE.PRM.UNER.ZS","","","","","","","","","","","","","22.94700050354","","","","20.7763595581055","20.9725399017334","22.1509895324707","22.6242008209229","22.6073093414307","22.4119701385498","22.3018894195557","20.6181297302246","19.443229675293","","17.7678108215332","","18.8945198059082","","","","","","24.9461307525635","27.0828609466553","","","30.2277507781982","31.7108306884766","31.9291191101074","32.2070999145508","29.2294101715088","","16.3155193328857","7.84688997268677","9.70995998382568","7.11242008209229","6.39517021179199","9.17751979827881","11.682238031929","7.67855212722857","6.18503999710083","9.34519808716827","","","","14.8279379928335","","","","","","","3.51462006568909","",
"Zimbabwe","ZWE","Children out of school (% of primary school age)","SE.PRM.UNER.ZS","","","","","","","","","","","","","","","","","","","","","","","0.143450006842613","","","","","","","","","","","","","","","","13.5124998092651","8.9426097869873","5.28860998153687","1.47930002212524","4.29350996017456","5.60922002792358","","","","","","","","","8.49271011352539","9.94051176638161","10.3835548200994","18.7499599456787","17.6851005554199","19.4408798217773","18.7645606994629","18.3813495635986","16.9142894744873","9.42610162776341","8.17339162516982","9.13723212143407","10.524498911807","",
