"Data Source","World Development Indicators",

"Last Updated Date","2026-10-08",

"Country Name","Country Code","Indicator Name","Indicator Code","1960","1961","1962","1963","1964","1965","1966","1967","1968","1969","1970","1971","1972","1973","1974","1975","1976","1977","1978","1979","1980","1981","1982","1983","1984","1985","1986","1987","1988","1989","1990","1991","1992","1993","1994","1995","1996","1997","1998","1999","2000","2001","2002","2003","2004","2005","2006","2007","2008","2009","2010","2011","2012","2013","2014","2015","2016","2017","2018","2019","2020","2021","2022","2023","2024","2025",
"Aruba","ABW","Unemployment, total (% of total labor force) (national estimate)","SL.UEM.TOTL.NE.ZS","","","","","","","","","","","","","","","","","","","","","","","","","","","","","","","","6.082","","","6.455","","","7.447","","","6.923","6.9","","","","","","5.706","","","10.605","8.9","","","","","","","","","","","","","","",
"Africa Eastern and Southern","AFE","Unemployment, total (% of total labor force) (national estimate)","SL.UEM.TOTL.NE.ZS","","","","","","","","","","","","","","","","","","","","","","","","","","","","","","","","","","","","","","","","","","","","","","","","","","","","","","","","","","","","","","","","","","",
"Afghanistan","AFG","Unemployment, total (% of total labor force) (national estimate)","SL.UEM.TOTL.NE.ZS","","","","","","","","","","","","","","","","","","","","","","","","","","","","","","","","","","","","","","","","","","","","","","","","","2.494","","","","1.692","","7.915","","","11.184","","","11.71","5.679","","","","",
"Africa Western and Central","AFW","Unemployment, total (% of total labor force) (national estimate)","SL.UEM.TOTL.NE.ZS","","","","","","","","","","","","","","","","","","","","","","","","","","","","","","","","","","","","","","","","","","","","","","","","","","","","","","","4.44593504759302","","","7.24552779596263","","3.6925423524759","","","3.34061439909144","","","",
"Angola","AGO","Unemployment, total (% of total labor force) (national estimate)","SL.UEM.TOTL.NE.ZS","","","","","","","","","","","","","","","","","","","","","","","","","14.2","14.9","18.9","","","","","","","","","","","","","","","","","","23.643","","","","","3.782","9.431","16.774","","","9.579","","","","","16.431","16.033","15.806","14.094","12.885","13.937","10.391",
"Albania","ALB","Unemployment, total (% of total labor force) (national estimate)","SL.UEM.TOTL.NE.ZS","","","","","","","","","","","","","","","","","","","","","5.6","5.1","3.6","4.4","5.7","6.7","6.4","6.1","7","7.3","9.5","9.1","26.5","22.3","18.4","12.9","12.3","14.9","17.7","18.4","16.8","16.4","4.615","15","14.43","6.566","13.8","15.966","13.06","13.674","14.086","13.481","13.376","15.866","18.055","17.193","15.418","13.616","12.304","11.466","11.639","11.474","10.785","9.473","8.431","",
"Andorra","AND","Unemployment, total (% of total labor force) (national estimate)","SL.UEM.TOTL.NE.ZS","","","","","","","","","","","","","","","","","","","","","","","","","","","","","","","","","","","","","","","","","","","","","","","","","","","","","","","","","","","","","","","","","","",
"Arab World","ARB","Unemployment, total (% of total labor force) (national estimate)","SL.UEM.TOTL.NE.ZS","","","","","","","","","","","","","","","","","","","","","","","","","","","","","","","","","","","","","","","","","","","","","","11.3340383201648","10.3586811683813","9.75346967099571","9.80394859842949","9.57882361717494","9.37034844122666","12.0571306166476","10.6951540677382","","10.8373821052262","","9.67841516951048","","","","","","","","","",
"United Arab Emirates","ARE","Unemployment, total (% of total labor force) (national estimate)","SL.UEM.TOTL.NE.ZS","","","","","","","","","","","","","","","","1.956","","","","","1.182","","","","","1.146","","","","","","","","","","1.802","","","","","2.253","","","","","3.118","","","4.007","","","","","","","","1.636","2.462","2.236","2.331","4.294","3.105","2.872","2.151","1.875","1.744",
"Argentina","ARG","Unemployment, total (% of total labor force) (national estimate)","SL.UEM.TOTL.NE.ZS","","","","","","","","","","","4.8","6","6.6","5.6","3.4","2.3","4.5","2.8","2.8","2","2.3","4.5","4.727","4.171","3.655","5.3","4.4","5.3","6","7.3","7.058","5.436","6.36","10.1","11.759","18.8","17.112","14.82","12.649","14.051","15","17.322","19.59","15.4","13.522","11.506","10.078","8.469","7.837","8.645","7.714","7.18","7.217","7.1","7.268","","","8.347","9.22","9.843","11.461","8.736","6.805","6.139","7.15","7.377",
"Armenia","ARM","Unemployment, total (% of total labor force) (national estimate)","SL.UEM.TOTL.NE.ZS","","","","","","","","","","","","","","","","","","","","","","","","","","","","","","","","","1.8","5.3","6.6","6.7","9.3","10.8","9.4","11.2","11.712","35.964","10.781","","","","","28.373","22.974","19.295","19.523","18.884","17.511","16.576","17.498","18.261","17.617","17.704","10.589","9.794","8.055","8.418","8.262","8.298","","",
"American Samoa","ASM","Unemployment, total (% of total labor force) (national estimate)","SL.UEM.TOTL.NE.ZS","","","","","","","","","","","","","","","12.2","13.4","19.084","14.869","15.2","14.347","12.415","10.6","12.784","12.957","13.108","12.5","13.378","","","","5.113","","","","","","","","","","5.05","","","","","9.979","","","","","9.202","","","","","","","","","","","","","","","",
"Antigua and Barbuda","ATG","Unemployment, total (% of total labor force) (national estimate)","SL.UEM.TOTL.NE.ZS","","","","","","","","","","","","","","20.46","19.46","19.45","20.69","","","","","","","","","","","","","","","2.864","","","","","","","","","","8.42","","","","","","","","","","","","","","","","","8.78","","","","","5.37","","",
"Australia","AUS","Unemployment, total (% of total labor force) (national estimate)","SL.UEM.TOTL.NE.ZS","","","","","","","","","","","","","","","","","","","","6.265","6.105","5.784","7.163","9.961","8.987","8.258","8.081","8.106","7.226","6.175","6.926","9.579","10.729","10.874","9.719","8.469","8.506","8.362","7.676","6.872","6.283","6.742","6.368","5.929","5.395","5.032","4.782","4.377","4.234","5.561","5.211","5.081","5.224","5.662","6.077","6.054","5.714","5.604","5.345","5.143","6.394","5.022","3.728","3.668","3.942","4.17",
"Austria","AUT","Unemployment, total (% of total labor force) (national estimate)","SL.UEM.TOTL.NE.ZS","","","","","","","","","","2.8","2.4","1.5","1.3","1.2","1.3","2","2","1.8","2.1","2","0.01","2.069","3.349","4.108","3.797","3.597","3.123","3.796","3.554","3.143","3.248","3.421","3.599","4.253","3.582","4.345","5.282","5.15","5.483","4.699","4.687","4.007","4.852","4.779","5.969","5.682","5.32","4.909","4.198","5.371","4.883","4.637","4.909","5.367","5.674","5.802","6.064","5.561","4.933","4.56","5.201","6.459","4.992","5.264","5.327","5.778",
"Azerbaijan","AZE","Unemployment, total (% of total labor force) (national estimate)","SL.UEM.TOTL.NE.ZS","","","","","","","","","","","","","","","","","","","","","","","","","","","","","","","","0.11","0.17","19.985","0.65","0.8","0.858","1.026","1.13","16.252","11.778","10.913","10.037","9.166","7.987","7.255","6.615","6.326","5.856","5.74","5.63","5.42","5.19","4.97","4.91","4.96","5","5","4.9","5.004","7.243","6.039","5.7","","","",
"Burundi","BDI","Unemployment, total (% of total labor force) (national estimate)","SL.UEM.TOTL.NE.ZS","","","","","","","","","","","","","","","","","","","","","","","","","","","","","","","0.476","","","","","","","","0.558","14","","","","","","","3.185","","1.634","","","","","","1.572","","","","","","1.03","","","","","",
"Belgium","BEL","Unemployment, total (% of total labor force) (national estimate)","SL.UEM.TOTL.NE.ZS","","","","","","","","","","","","2.1","2.7","2.8","3","5.1","6.5","5.668","7.9","6.96","10.882","11.347","13","11.66","11.882","11.321","11.28","11.257","10.127","8.284","7.25","6.984","6.702","8.078","9.645","9.337","9.483","8.95","9.322","8.649","6.586","6.178","6.91","7.68","7.363","8.44","8.246","7.459","6.976","7.908","8.293","7.14","7.542","8.425","8.523","8.482","7.83","7.09","5.941","5.364","5.545","6.248","5.57","5.547","5.708","6.184",
"Benin","BEN","Unemployment, total (% of total labor force) (national estimate)","SL.UEM.TOTL.NE.ZS","","","","","","","","","","","","","","","","","","","","","","","","","","","0.177","","","","","","1.51","","","","","","","","","","0.685","3.633","","","","","","","1.041","2.647","","2.198","","","","","","1.214","","","1.685","","","",
"Burkina Faso","BFA","Unemployment, total (% of total labor force) (national estimate)","SL.UEM.TOTL.NE.ZS","","","","","","","","","","","","","","","","","","","","","","","","","","1.3","","","","","","","","","2.584","","","","2.444","","","","","2.777","","4","2.353","3.3","","","","","","","6.481","","","","4.695","1.56","","","1.927","5.348","3.441","7.085",
"Bangladesh","BGD","Unemployment, total (% of total labor force) (national estimate)","SL.UEM.TOTL.NE.ZS","","","","","","","","","","","","","","","","","","","","","","","","","2.038","2.023","0.96","","","0.925","","2.196","","","","","2.515","","","","3.27","","","4.322","","4.254","3.591","","","5","3.379","2.504","","4.426","","","4.2","4.372","","","","","4.593","3.352","3.635","",
"Bulgaria","BGR","Unemployment, total (% of total labor force) (national estimate)","SL.UEM.TOTL.NE.ZS","","","","","","","","","","","","","","","","","","","","","","","","","","","","","","","1.7","11.1","15.3","21.387","20.168","15.91","13.746","13.7","12.2","14.1","16.218","19.921","18.11","13.733","12.037","10.083","8.951","6.878","5.609","6.817","10.279","11.26","12.27","12.941","11.424","9.143","7.575","6.164","5.211","4.148","5.037","5.166","4.148","4.319","4.165","3.518",
"Bahrain","BHR","Unemployment, total (% of total labor force) (national estimate)","SL.UEM.TOTL.NE.ZS","","","","","","","","","","","","","","","","","","","","3.262","","3.1","","","","0","","0","","","","6.349","","","","","","","43.156","41.311","","5.501","","","9.265","0","0","5.6","3.7","4","1.128","1.233","1.198","","","0.894","","","","","","","","","","",
"Bahamas, The","BHS","Unemployment, total (% of total labor force) (national estimate)","SL.UEM.TOTL.NE.ZS","","","","","","","","","","","","","","8.5","","21.2","","20.7","","14.7","","","","","","","12.173","","11.02","11.703","7.774","12.289","14.81","12.803","13.3","10.9","11.505","9.795","7.854","7.796","","6.883","9.096","10.835","10.203","10.17","7.604","7.853","8.712","14.2","","14.521","14.7","16.184","13.8","12","12.7","9.8","10","9.336","","","","10.346","8.154","",
"Bosnia and Herzegovina","BIH","Unemployment, total (% of total labor force) (national estimate)","SL.UEM.TOTL.NE.ZS","","","","","","","","","","","","","","","","","","","","","","","","","","","","","","","","17.55","","","","","","","","","","16.1","","","","","31.11","28.984","23.405","24.068","27.312","27.582","28.01","27.49","27.517","27.695","25.408","20.527","18.4","15.692","15.868","14.897","12.657","10.668","10.706","10.732",
"Belarus","BLR","Unemployment, total (% of total labor force) (national estimate)","SL.UEM.TOTL.NE.ZS","","","","","","","","","","","","","","","","","","","","","","","","","","","","","","","","0.05","0.5","1.4","2.1","2.533","4","2.8","2.3","6.612","2.1","2.3","3","3.1","1.9","1.5","1.2","1","0.8","5.803","0.827","0.6","0.614","0.508","0.488","0.91","5.844","5.648","4.763","4.165","4.049","3.9","3.574","3.461","3.039","2.531",
"Belize","BLZ","Unemployment, total (% of total labor force) (national estimate)","SL.UEM.TOTL.NE.ZS","","","","","","","","","","","","","","","","","","","","","","","","","","","","","","","","","","9.78","11.095","12.483","13.817","12.676","14.312","12.841","","9.066","10.038","","","10.907","9.394","8.508","8.182","","","","14.271","8.349","8.244","7.578","7","6.596","9.346","9.053","","","","","","",
"Bermuda","BMU","Unemployment, total (% of total labor force) (national estimate)","SL.UEM.TOTL.NE.ZS","","","","","","","","","","","","","","","","","","","","","","","","","","","","","","","","5.968","","","","","","","","","2.714","","","","","","","","","4.482","6.493","","8.438","6.663","9","","","","","","","","","","","",
"Bolivia","BOL","Unemployment, total (% of total labor force) (national estimate)","SL.UEM.TOTL.NE.ZS","","","","","","","","","","","","9","8.1","7.1","6.1","5.2","5.301","5.298","5.5","5.601","","5.124","10.5","14.191","14.663","19.278","19.76","20.325","18.003","10.105","7.3","5.9","5.518","5.987","3.078","3.693","3.8","3.7","","3.927","4.79","5.242","5.476","","4.167","5.446","5.08","5.175","2.603","2.973","","2.255","2.066","2.437","2.021","3.111","3.498","3.655","3.519","3.682","7.903","4.936","3.452","2.948","2.73","2.518",
"Brazil","BRA","Unemployment, total (% of total labor force) (national estimate)","SL.UEM.TOTL.NE.ZS","","","","","","","","","","","","","3.058","6.304","","","1.922","2.316","2.357","2.756","","3.985","3.9","4.621","4.041","3.383","2.372","3.555","3.793","4.145","4.703","","7.086","6.03","","7.092","8.035","9.003","10.15","11.125","","10.649","10.641","11.168","10.072","10.551","9.692","9.28","8.268","9.419","","7.578","7.251","7.071","6.755","8.538","11.58","12.792","12.329","11.936","13.697","13.158","9.231","7.947","6.801","5.832",
"Barbados","BRB","Unemployment, total (% of total labor force) (national estimate)","SL.UEM.TOTL.NE.ZS","","","","","","","","","","","","","","","","","15.6","15.7","13.7","11.3","11.4","10.861","13.75","15.009","17.097","18.855","17.878","17.938","17.574","14.056","15.036","17.089","23.015","24.54","21.9","19.664","15.8","14.608","12.4","10.61","9.347","9.85","10.32","10.997","","","","","","10","10.7","","","11.546","12.3","9.803","8.247","8.62","8.321","8.41","","11.015","7.261","6.54","6.03","",
"Brunei Darussalam","BRN","Unemployment, total (% of total labor force) (national estimate)","SL.UEM.TOTL.NE.ZS","","","","","","","","","","","","","","","","8.252","7.85","8.063","8.696","10.041","7.668","3.4","6.548","6.037","","","","","","","","4.7","","","","","","","","","","7.196","","","","","","","","","","1.721","","","6.862","","","9.316","8.7","6.6","7.409","4.905","5.191","5.296","4.871","5.354",
"Bhutan","BTN","Unemployment, total (% of total labor force) (national estimate)","SL.UEM.TOTL.NE.ZS","","","","","","","","","","","","","","","","","","","","","","","","","","","","","","","","","","","","","","","1.4","1.4","","1.9","","1.8","2.494","3.1","3.129","3.7","","3.961","3.3","3.143","2.054","2.9","2.63","2.45","","","3.35","2.72","5.03","4.803","5.947","3.309","3.39","3.359",
"Botswana","BWA","Unemployment, total (% of total labor force) (national estimate)","SL.UEM.TOTL.NE.ZS","","","","","","","","","","","","","","","","","","","","","","","","","","25.672","","","","","","13.818","","","21.2","","21.593","","20.86","","15.88","19.6","","23.806","","","17.782","","","16.169","17.863","20.01","","19.997","","","","","","20.094","21.017","23.106","23.615","23.381","24.433","",
"Central African Republic","CAF","Unemployment, total (% of total labor force) (national estimate)","SL.UEM.TOTL.NE.ZS","","","","","","","","","","","","","","","","","","","","","","","","","","","","","","","","","","","","","","","","","","","","","","","","","","","","","","","","","","","","","","","","","","",
"Canada","CAN","Unemployment, total (% of total labor force) (national estimate)","SL.UEM.TOTL.NE.ZS","","","","","","","","","","4.7","5.9","6.4","6.3","5.6","5.4","","7.09","8.049","8.376","7.525","7.537","7.607","11.04","12.018","11.344","10.502","9.593","8.82","7.762","7.546","8.131","10.316","11.197","11.377","10.395","9.489","9.62","9.1","8.278","7.583","6.829","7.219","7.665","7.574","7.185","6.758","6.484","6.156","6.284","8.46","8.178","7.659","7.429","7.178","7.049","6.986","7.067","6.444","5.842","5.688","9.657","7.517","5.273","5.389","6.344","6.819",
"Central Europe and the Baltics","CEB","Unemployment, total (% of total labor force) (national estimate)","SL.UEM.TOTL.NE.ZS","","","","","","","","","","","","","","","","","","","","","","","","","","","","","","","","10.0986151911726","10.6404021488513","12.6645908066057","12.0022994912148","11.110919895459","10.2984761513615","9.39453924625029","9.18697418361695","10.6183180697798","12.1493697321005","13.4981128132324","13.9609765303477","13.2764246828022","12.8914606604503","12.0311529429654","10.124914494498","7.80912922603523","6.60116715977237","8.51650875155537","9.92718738959061","9.80960842319458","10.014837051229","10.076189699493","8.87370489824698","7.81260796234007","6.47626986745334","5.27719000843769","4.29483445753775","3.76072643211224","4.3496421220328","4.44508031221282","3.96540582731722","4.01230416616797","4.00925787453836","4.17095321927411",
"Switzerland","CHE","Unemployment, total (% of total labor force) (national estimate)","SL.UEM.TOTL.NE.ZS","","","","","","","","","","","","","","","","0.3","0.7","0.4","0","0","0","0.2","0.4","0.9","1.1","0.348","0","0.8","0","0","2.067","1.818","2.344","3.551","3.58","3.094","3.684","4.127","3.568","3.053","2.658","2.49","2.924","4.117","4.316","4.437","3.995","3.641","3.35","4.109","4.808","4.409","4.491","4.747","4.826","4.801","4.918","4.797","4.713","4.394","4.817","5.013","4.122","4.043","4.343","4.841",
"Channel Islands","CHI","Unemployment, total (% of total labor force) (national estimate)","SL.UEM.TOTL.NE.ZS","","","","","","","","","","","","","","","","","","","","","","","","","","","","","","","","","","","","","","","","","","","","","","","","","","","","","","","","","","","","","","","","","","",
"Chile","CHL","Unemployment, total (% of total labor force) (national estimate)","SL.UEM.TOTL.NE.ZS","","","","","","","","","","","","","","","","14.688","12.748","11.828","14.257","13.633","10.461","11.35","19.602","14.651","13.886","","8.733","","6.259","5.321","5.662","5.27","4.406","4.486","5.874","4.702","6.326","6.118","6.412","10.141","9.668","9.854","9.801","9.538","10.007","9.238","7.804","7.136","7.796","9.689","8.547","7.492","6.79","6.361","6.761","6.605","6.926","7.3","7.673","7.559","11.18","9.417","8.331","9.091","8.756","8.894",
"China","CHN","Unemployment, total (% of total labor force) (national estimate)","SL.UEM.TOTL.NE.ZS","","","","","","","","","","","","","","","","","","","1.303","1.366","1.263","0.996","0.83","0.58","0.487","0.477","0.512","0.522","0.542","0.679","2.165","0.908","0.943","0.978","0.998","1.147","1.168","1.384","2.011","1.919","3.707","1.471","1.627","1.568","1.363","1.935","1.752","1.581","1.924","2.17","2.912","2.748","2.776","2.929","3.058","3.296","3.831","3.775","4.93","5.15","5.61","5.11","4.569","","","",
"Cote d'Ivoire","CIV","Unemployment, total (% of total labor force) (national estimate)","SL.UEM.TOTL.NE.ZS","","","","","","","","","","","","","","","","","","","","","","","","","","","","","","","","","6.7","","","4.1","","","2.857","","","","","","","","","","","","","","7.223","4.255","","","1.896","3.272","","2.401","","","2.31","","","",
"Cameroon","CMR","Unemployment, total (% of total labor force) (national estimate)","SL.UEM.TOTL.NE.ZS","","","","","","","","","","","","","","","","","","","","","","","","","","","","","","","","","","","","","8.06","","","","","7.46","","","","21.382","","3.063","","","4.111","","","","3.534","","","","","","","3.275","","","","",
"Congo, Dem. Rep.","COD","Unemployment, total (% of total labor force) (national estimate)","SL.UEM.TOTL.NE.ZS","","","","","","","","","","","","","","","","","","","","","","","","","","","","","","","","","","","","","","","","","","","","","","2.948","","","","","","","4.485","","","","5.006","","","","1.466","","","","","",
"Congo, Rep.","COG","Unemployment, total (% of total labor force) (national estimate)","SL.UEM.TOTL.NE.ZS","","","","","","","","","","","","","","","","","","","","","","","","","","","","","","","","","","","","","","","","","","","","","","19.796","","","","19.86","","","10","","","","","","","","","","","","","",
"Colombia","COL","Unemployment, total (% of total labor force) (national estimate)","SL.UEM.TOTL.NE.ZS","","","","","","","","","","","","","","","","10.547","10.401","9.4","8.135","8.904","3.831","8.135","9.1","11.133","13.003","13.887","13.043","10.927","10.139","8.822","10.152","10.124","9.435","7.8","7.6","8.72","11.806","12.14","15","20.06","20.523","15.04","14.481","13.221","13.717","11.062","","10.252","10.52","11.319","11.153","10.288","9.959","9.246","8.799","8.572","8.922","9.086","9.36","10.28","15.568","13.898","10.541","9.591","9.619","8.428",
"Comoros","COM","Unemployment, total (% of total labor force) (national estimate)","SL.UEM.TOTL.NE.ZS","","","","","","","","","","","","","","","","","","","","","","","","","","","","","","","","","","","","","","","","","","","","","4.571","","","","","","","","","","8.142","","","","","","","4.394","","","","",
"Cabo Verde","CPV","Unemployment, total (% of total labor force) (national estimate)","SL.UEM.TOTL.NE.ZS","","","","","","","","","","","","","","","","","","","","","","","","","","","","","","","23.004","","","","","","","","","","","","","","","","","","","13.517","10.666","","","","","31.313","","12.241","12.2","11.3","","","","","","",
"Costa Rica","CRI","Unemployment, total (% of total labor force) (national estimate)","SL.UEM.TOTL.NE.ZS","","","","","","","","","","","","","","","","","","","","","","","","","","","","","","","4.511","5.373","3.927","3.954","4.045","5.176","6.162","5.681","5.327","5.895","5.082","5.915","6.334","6.558","6.391","6.571","5.74","4.49","4.781","7.713","7.171","9.518","9.11","8.218","8.499","8.415","8.085","7.729","9.01","10.807","16.432","15.139","11.325","8.325","6.936","6.342",
"Caribbean small states","CSS","Unemployment, total (% of total labor force) (national estimate)","SL.UEM.TOTL.NE.ZS","","","","","","","","","","","","","","","","","","","","","","","","","","","","","","","","","17.3409270027853","18.1543221496751","16.9297765976185","15.2247564199171","14.7578286398536","13.839619158563","13.0800393049468","12.4043889204698","","","10.9865557082353","","","","8.21889782577187","","","","","","","7.8425611158767","6.54376175291749","5.99283950990689","7.03903785730386","","","7.89834422046161","","","","","5.8812118929636","",
"Cuba","CUB","Unemployment, total (% of total labor force) (national estimate)","SL.UEM.TOTL.NE.ZS","","","","","","","","","","","","","","","","","","","","","","","","","","","","","","","","","","","","8.3","7.6","7.1","6.2","6.3","5.447","4.079","3.311","2.325","1.854","1.95","1.913","1.788","1.583","1.67","2.5","3.175","3.498","3.288","2.7","2.4","2","1.7","1.7","","","","","","","",
"Curacao","CUW","Unemployment, total (% of total labor force) (national estimate)","SL.UEM.TOTL.NE.ZS","","","","","","","","","","","","","","","","","","","","","","","","","","","","","","","","","","","","","","","","","","","","","","","","","","","","9.775","","13.029","12.607","11.708","","","13.434","","19.1","","","","","",
"Cayman Islands","CYM","Unemployment, total (% of total labor force) (national estimate)","SL.UEM.TOTL.NE.ZS","","","","","","","","","","","","","","","","","","","","","","","","","","","","","","","","5.912","","7.222","5.741","4.943","5.096","4.14","4.172","5.179","","7.543","5.366","3.608","3.449","3.544","2.622","3.824","3.972","6.039","6.682","6.781","6.212","6.273","4.697","4.2","","","","","","","","","","",
"Cyprus","CYP","Unemployment, total (% of total labor force) (national estimate)","SL.UEM.TOTL.NE.ZS","","","","","","","","","","","","","","","","10.9","7.4","3.1","2","1.7","2","2.6","2.8","3.3","3.3","3.3","3.7","3.4","2.8","2.3","1.8","3","2.087","2.7","2.7","2.6","3.1","3.4","3.3","5.532","4.766","4.043","3.336","4.153","4.77","5.481","4.593","3.946","3.756","5.594","6.359","7.942","12.097","16.131","16.277","15.026","13.006","11.155","8.504","7.155","7.755","7.513","6.806","5.835","4.867","4.354",
"Czechia","CZE","Unemployment, total (% of total labor force) (national estimate)","SL.UEM.TOTL.NE.ZS","","","","","","","","","","","","","","","","","","","","","","","","","","","","","","","0.775","4.406","2.805","4.349","4.284","4.082","3.852","4.674","6.455","8.702","8.764","8.128","7.28","7.777","8.298","7.927","7.141","5.316","4.392","6.662","7.281","6.712","6.979","6.953","6.108","5.048","3.952","2.893","2.246","2.015","2.55","2.803","2.224","2.579","2.603","2.785",
"Germany","DEU","Unemployment, total (% of total labor force) (national estimate)","SL.UEM.TOTL.NE.ZS","","","","","","","","","","","","","","","","","","","","","","","","6.449","6.673","6.875","6.608","6.813","6.319","5.705","4.89","5.316","6.323","7.675","8.727","8.158","8.822","9.861","9.787","8.854","7.917","7.773","8.482","9.779","10.727","11.193","10.277","8.732","7.508","7.88","7.043","5.967","5.372","5.316","4.979","4.612","4.104","3.781","3.384","3.163","3.881","3.54","3.098","2.978","3.364","3.824",
"Djibouti","DJI","Unemployment, total (% of total labor force) (national estimate)","SL.UEM.TOTL.NE.ZS","","","","","","","","","","","","","","","","","","","","","","","","","","","","","","","","","","","","","","","","","","","","","","","","","","","","","","","","","","26.064","","","","","","","","38.782",
"Dominica","DMA","Unemployment, total (% of total labor force) (national estimate)","SL.UEM.TOTL.NE.ZS","","","","","","","","","","","","","","","","","","","","","","","","","","","","","","11.333","","10","","","","","","23.1","","15.668","","10.96","","","","","","","","","","","","","","","","","","","","","","","","",
"Denmark","DNK","Unemployment, total (% of total labor force) (national estimate)","SL.UEM.TOTL.NE.ZS","","","","","","","","","","","","","","0.9","5.004","5.1","5.51","6.398","5.798","7.164","7","11.43","10","9.745","8.867","7.797","6.033","6.091","6.486","8.149","8.338","9.099","9.027","10.719","8.036","6.992","6.844","5.4","5.039","5.141","4.476","4.164","4.274","5.398","5.204","4.83","3.897","3.801","3.683","6.409","7.746","7.769","7.798","7.384","6.925","6.278","5.989","5.833","5.131","5.018","5.644","5.065","4.434","5.094","6.149","6.316",
"Dominican Republic","DOM","Unemployment, total (% of total labor force) (national estimate)","SL.UEM.TOTL.NE.ZS","","","","","","","","","","","","","","","","","","","","","","","","","","","","","","","","18.136","18.711","","14.719","","15.371","","","","6.432","7.262","6.779","6.938","6.303","6.587","5.654","5.158","4.764","5.467","5.212","6.087","6.722","7.351","6.719","7.605","7.284","5.832","5.861","6.356","6.126","7.702","5.504","5.555","5.314","5.166",
"Algeria","DZA","Unemployment, total (% of total labor force) (national estimate)","SL.UEM.TOTL.NE.ZS","","","","","","","","","","","","","","","","38.417","","","","","15.253","","","","12.355","","","","","16.9","21.258","20.6","23","23.2","24.4","31.843","","25.431","","","29.774","27.303","25.9","23.718","17.651","15.271","12.274","13.79","11.333","10.164","9.962","9.961","10.969","9.829","10.602","11.206","10.202","11.707","","","","","","","","",
"East Asia & Pacific (excluding high income)","EAP","Unemployment, total (% of total labor force) (national estimate)","SL.UEM.TOTL.NE.ZS","","","","","","","","","","","","","","","","","","","","","","","","","","","","","","","2.48204976281785","1.38141728107352","1.39726189585343","1.4591457744637","1.61200172672482","1.42405868083808","1.7828021276018","1.97685642567234","2.70170627068301","2.69435292986972","4.08091615379248","2.17139943384571","2.54599090640432","2.23144791335796","2.18401674681502","2.66784759284549","2.48013493673777","2.38946178055071","2.59221211717952","2.63574081094306","3.05652886606384","2.87871320424786","2.82592129344282","2.92113203714442","3.01371176615882","3.17563972810762","3.59550725006152","3.44010396647532","4.29576429272136","4.33671121711751","4.81908679593954","4.54860264248329","4.01587461199531","","","",
"Early-demographic dividend","EAR","Unemployment, total (% of total labor force) (national estimate)","SL.UEM.TOTL.NE.ZS","","","","","","","","","","","","","","","","","","","","","","","","","","","","","","","","","","","4.59422473212495","","","","","","5.30639685174049","","","","","5.92103930982627","","","","","4.91332859541828","","5.03188621936653","","","","","","7.00673957882869","6.40056238908829","7.47459454272916","6.59589306400466","5.55471367971983","4.9596400543543","5.18241259601904","",
"East Asia & Pacific","EAS","Unemployment, total (% of total labor force) (national estimate)","SL.UEM.TOTL.NE.ZS","","","","","","","","","","","","","","","","","","","","","","","","","","","","","","","2.49361326491965","1.55443706190927","1.59025633943744","1.67323798699908","1.81746049350529","1.67904000462541","1.98595376657787","2.16346892060909","2.94572356393808","2.97211003637289","4.14031139465878","2.47232813051631","2.83523232100593","2.53204569532837","2.4437268154356","2.8492698991155","2.65851350616013","2.53661740707122","2.72780294731534","2.87514197636316","3.23322053343658","3.02191620640997","2.96176923051364","3.03669962744315","3.09602997040915","3.23705911460176","3.60042728604668","3.44256865045303","4.18374365998897","4.20764102715084","4.69775023840266","4.4341459633891","3.90327291076306","","","",
"Europe & Central Asia (excluding high income)","ECA","Unemployment, total (% of total labor force) (national estimate)","SL.UEM.TOTL.NE.ZS","","","","","","","","","","","","","","","","","","","","","","","","","","","","","","","","","","","","6.39207433880869","7.44512417626558","8.17547255524864","9.09572952334658","11.0069262178274","8.65234317427505","9.21508762289437","8.72251526009607","8.58321301821737","8.57936476402659","8.00279723457838","8.17291742164127","8.74426924794018","8.49529693042826","10.5084877825357","9.44973596691376","8.82857483314743","8.49499859789128","8.44440784892705","9.23895808103802","8.85339246838107","9.38210798383719","9.05003717267811","9.55419019900825","10.1761416579533","9.2583485544062","10.0011891608228","","","","",
"Europe & Central Asia","ECS","Unemployment, total (% of total labor force) (national estimate)","SL.UEM.TOTL.NE.ZS","","","","","","","","","","","","","","","","","","","","","","","","","","","","","","","","","7.64426958040388","8.96123285052424","9.7427910328646","9.44293254906865","9.70668215283328","10.1066448929512","10.2987807935895","10.5393126208342","9.25210557187964","8.79928405483254","8.67731344063669","8.78685899849051","8.70978617517902","8.38049384189775","7.97041185123728","7.28116134501754","7.16626176135542","9.15531103428606","9.09522727493293","8.83873247723412","9.05167243034861","9.24763196057673","9.00362647418089","8.52974730535153","8.12815390659445","7.49630059166639","7.0253374332956","6.77317153544476","7.07498537977364","6.95695942338619","5.86500878714218","5.56504245907161","5.35962258005096","5.35547443243077",
"Ecuador","ECU","Unemployment, total (% of total labor force) (national estimate)","SL.UEM.TOTL.NE.ZS","","","","","","","","","","","","","","","4.4","5.3","","5.8","","","","","","","","","","7.236","6.989","7.859","5.881","8.189","8.56","7.948","6.68","6.701","10.376","9.169","11.492","13.961","4.8","4.252","7.168","5.662","5.002","3.779","3.55","3.142","3.917","4.608","4.088","3.458","3.235","2.913","3.279","3.419","4.39","3.708","3.396","3.703","6.084","4.434","3.672","3.462","3.386","3.232",
"Egypt, Arab Rep.","EGY","Unemployment, total (% of total labor force) (national estimate)","SL.UEM.TOTL.NE.ZS","","","","","","","","","","","2.4","1.8","1.5","","2.3","0.729","","3.135","3.64","4.6","5.2","5.4","5.7","6.47","5.888","","","","","7.058","8.434","9.382","8.925","10.917","10.932","11.039","9","8.372","8.029","7.953","8.984","9.2","10.015","10.416","10.745","11.243","10.491","8.805","8.517","9.087","8.757","11.849","12.597","13.154","13.105","13.052","12.45","11.767","9.855","7.851","7.974","7.441","7.344","6.753","5.945","",
"Euro area","EMU","Unemployment, total (% of total labor force) (national estimate)","SL.UEM.TOTL.NE.ZS","","","","","","","","","","","","","","","","","","","","","","","","","","","","","","","8.05865297063212","8.46053087756563","9.13099860973572","10.8613764959883","11.9515927909594","11.482083127675","11.662548202058","11.6696258714386","11.2269307867663","10.5356442065428","9.62410987839098","8.68043359773922","8.88672719145059","9.12146121246139","9.34895135722801","9.16921983218386","8.4404790481661","7.52316793797375","7.50283392231425","9.57439638727688","10.1761738210052","10.2805136631252","11.4328240980269","12.0184063277941","11.6207304139349","10.8477448563899","9.98608545604403","9.01311660134066","8.089323082041","7.44468187207381","7.78262585986041","7.68078670765912","6.7199580751603","6.49942669227065","6.33889474348686","6.33915898624438",
"Eritrea","ERI","Unemployment, total (% of total labor force) (national estimate)","SL.UEM.TOTL.NE.ZS","","","","","","","","","","","","","","","","","","","","","","","","","","","","","","","","","","","","","","","","","","","","","","","","","","","","","","","","","","","","","","","","","","",
"Spain","ESP","Unemployment, total (% of total labor force) (national estimate)","SL.UEM.TOTL.NE.ZS","","","","","","","","","","1.3","1.1","1.5","1.5","2.5","3.1","5","4.881","5.197","6.969","8.61","11.403","14.17","16.017","17.486","20.248","21.641","21.259","20.607","19.854","17.331","16.273","15.929","17.697","22.156","24.209","22.675","22.142","20.698","18.673","15.475","13.785","10.348","11.146","11.283","11.09","9.146","8.452","8.232","11.254","17.857","19.86","21.39","24.789","26.094","24.441","22.057","19.635","17.224","15.255","14.104","15.532","14.914","13.033","12.179","11.344","10.504",
"Estonia","EST","Unemployment, total (% of total labor force) (national estimate)","SL.UEM.TOTL.NE.ZS","","","","","","","","","","","","","","","","","","","","","","","","","","","","","","0.558","0.651","1.48","3.699","6.576","7.612","9.742","9.98","10.369","9.51","11.573","13.36","13.134","10.026","11.288","10.248","8.033","5.915","4.592","5.455","13.548","16.707","12.328","10.021","8.631","7.352","6.412","6.882","5.807","5.412","4.514","6.956","6.178","5.571","6.378","7.499","7.44",
"Ethiopia","ETH","Unemployment, total (% of total labor force) (national estimate)","SL.UEM.TOTL.NE.ZS","","","","","","","","","","","","","","","","","","","","","","","","","1.2","","","","","","","","","","3.1","","","","","3.714","","","","","","2.497","","","","","","","","2.251","","","","","","","","3.935","","","","",
"European Union","EUU","Unemployment, total (% of total labor force) (national estimate)","SL.UEM.TOTL.NE.ZS","","","","","","","","","","","","","","","","","","","","","","","","","","","","","","","7.36062356203239","8.60596489103634","9.285884478144","10.9814199355388","11.6620079848409","11.1314336324831","11.1260919747992","10.9462041768479","10.5266717168197","10.2132612830285","9.6992067646065","9.20662418982847","9.5656358156472","9.70782702151942","9.86057517861666","9.63100586720302","8.68896256105534","7.5031053820411","7.24163431745465","9.21120412957521","9.87327234610775","9.92888294564936","10.8758482088061","11.3511730368596","10.8255885011473","10.0165353301996","9.1056944627421","8.13208945121752","7.24247265095853","6.67705052747452","7.05471356704802","7.01578627748696","6.15361392727821","6.00803453340864","5.92567699281311","5.98728464462905",
"Fragility, Conflict, and Violence (FCV) situations","FCV","Unemployment, total (% of total labor force) (national estimate)","SL.UEM.TOTL.NE.ZS","","","","","","","","","","","","","","","","","","","","","","","","","","","","","","","","","","","","","","","","","","","","","","","","","","","","","","","","","","","","","","","","","","",
"Finland","FIN","Unemployment, total (% of total labor force) (national estimate)","SL.UEM.TOTL.NE.ZS","","","","","","","","","","2.827","1.892","2.256","2.423","2.455","1.649","2.158","3.747","6.094","7.155","6.196","4.855","5.037","5.282","5.397","5.115","5","5.32","5.11","4.47","3.211","3.186","6.669","11.732","16.423","16.626","17.005","15.572","14.967","13.214","11.693","11.134","10.29","10.423","10.469","10.358","9.602","8.935","6.854","6.369","8.249","8.394","7.781","7.689","8.193","8.663","9.376","8.818","8.64","7.361","6.695","7.759","7.617","6.719","7.149","8.336","9.608",
"Fiji","FJI","Unemployment, total (% of total labor force) (national estimate)","SL.UEM.TOTL.NE.ZS","","","","","","","","","","","","","","","","","","","","","","","6.342","","","","","","","","","5.929","5.354","5.876","5.7","5.4","3.7","","","","","","","8.222","4.7","3.886","","8.75","8.938","8.717","8.914","4.406","8.997","8.957","6.165","","4.319","","","","","","","","5.361","",
"France","FRA","Unemployment, total (% of total labor force) (national estimate)","SL.UEM.TOTL.NE.ZS","","","","","","","","","","","2.418","2.671","2.774","2.686","2.862","4.082","4.466","5.013","5.274","6.03","6.422","7.542","8.201","7.918","9.533","10.259","10.23","10.735","10.18","9.618","9.36","9.134","10.203","11.32","12.593","11.834","12.367","12.566","12.074","11.981","10.218","8.61","8.702","8.306","8.914","8.882","8.832","8.008","7.386","9.122","9.279","9.228","9.841","9.913","10.273","10.354","10.057","9.409","9.018","8.415","8.009","7.871","7.303","7.335","7.436","7.7",
"Faroe Islands","FRO","Unemployment, total (% of total labor force) (national estimate)","SL.UEM.TOTL.NE.ZS","","","","","","","","","","","","","","","","","","","","","","","","","","","","","","","","","","","","","","","","","4.167","4","","3.846","3.704","3.461","1.802","1.727","2.359","3.938","6.386","5.29","3.026","4.034","","","","","","","","","","","","",
"Micronesia, Fed. Sts.","FSM","Unemployment, total (% of total labor force) (national estimate)","SL.UEM.TOTL.NE.ZS","","","","","","","","","","","","","","","","","","","","","","","","","","","","","","","","","","","","","","","","","","","","","","","","","","","","","","","8.863","","","","","","","","","","","",
"Gabon","GAB","Unemployment, total (% of total labor force) (national estimate)","SL.UEM.TOTL.NE.ZS","","","","","","","","","","","","","","","","","","","","","","","","","","","","","","","","","","17.779","","","","","","","","","","","","16.976","","","","","20.39","","","","","","","","","","","","","","17.407","",
"United Kingdom","GBR","Unemployment, total (% of total labor force) (national estimate)","SL.UEM.TOTL.NE.ZS","","","","","","","","","","","","3.3","3.7","2.6","2.6","4","5.5","5.8","4.991","3.701","3.882","10.4","10.9","11.088","10.901","11.48","11.508","11.017","9.004","7.405","6.969","8.55","9.772","9.665","8.829","7.897","7.456","6.566","6.297","6.847","6.084","5.665","5.748","5.553","4.594","4.884","5.472","5.399","5.748","7.683","7.973","8.195","8.279","7.752","6.398","5.552","4.909","4.501","4.145","3.657","4.518","4.864","3.768","4.025","4.361","4.896",
"Georgia","GEO","Unemployment, total (% of total labor force) (national estimate)","SL.UEM.TOTL.NE.ZS","","","","","","","","","","","","","","","","","","","","","","","","","","","","","","","","","","","","","2.4","5","14.53","13.804","10.82","11.159","12.594","11.51","12.621","13.805","13.573","13.276","17.866","20.71","20.203","19.632","19.653","19.416","17.439","16.506","16.604","13.939","12.667","11.565","11.734","11.289","9.911","9.125","7.467","8.196",
"Ghana","GHA","Unemployment, total (% of total labor force) (national estimate)","SL.UEM.TOTL.NE.ZS","","","","","","","","","","","","","","","","","","","","","","","","","","","","","","0.799","","3.489","4.7","","","","","","8.2","10.1","10.456","","","","","","4.897","","","","5.384","","","2.173","","6.806","","3.369","","","","3.195","2.87","3.245","3.972","3.231",
"Gibraltar","GIB","Unemployment, total (% of total labor force) (national estimate)","SL.UEM.TOTL.NE.ZS","","","","","","","","","","","","","","","","","","","","","","","","","","","","","","","","6.445","","","","","","","","","","","","","","","","","","","","","","","","","","","","","","","","","","",
"Guinea","GIN","Unemployment, total (% of total labor force) (national estimate)","SL.UEM.TOTL.NE.ZS","","","","","","","","","","","","","","","","","","","","","","","","","","","","","","","","","","","","","","","","","","","4.549","","","","","","","","","","","","5.044","","","","","5.018","","","","","","",
"Gambia, The","GMB","Unemployment, total (% of total labor force) (national estimate)","SL.UEM.TOTL.NE.ZS","","","","","","","","","","","","","","","","","","","","","","","","","","","","","","","","","","","","","","","","","","","","","","","","","","","","","9.268","","","","","","4.055","","","","","6.479","","7.053",
"Guinea-Bissau","GNB","Unemployment, total (% of total labor force) (national estimate)","SL.UEM.TOTL.NE.ZS","","","","","","","","","","","","","","","","","","","","","","","","","","","","","","","","","","","","","","","","","","","","","","","","","","","","","","","","","","","3.127","2.52","","","2.666","","","",
"Equatorial Guinea","GNQ","Unemployment, total (% of total labor force) (national estimate)","SL.UEM.TOTL.NE.ZS","","","","","","","","","","","","","","","","","","","","","","","","24.996","","","","","","","","","","","","","","","","","","","","","","","","","","","","","","","","","","","","","","","","6.513","","",
"Greece","GRC","Unemployment, total (% of total labor force) (national estimate)","SL.UEM.TOTL.NE.ZS","","","","","","","","","","","","","","","","","","","","","","4.055","5.84","7.804","8.1","7.8","7.356","7.448","7.828","7.505","7.012","7.572","8.927","10.177","9.808","10.116","10.402","10.472","12.227","12.138","11.345","10.764","10.346","9.839","10.628","10.074","8.906","8.351","7.664","9.546","12.719","17.973","24.731","27.686","26.708","24.981","23.514","21.413","19.179","17.045","15.899","14.656","12.426","11.023","10.02","8.838",
"Grenada","GRD","Unemployment, total (% of total labor force) (national estimate)","SL.UEM.TOTL.NE.ZS","","","","","","","","","","","","","","","","","","","","","","","","","","","","","28.001","","","13.911","","","26.932","","16.891","","15.244","","","","","","","","","","","","","","","24.2","24.5","22.9","","","13.658","9.788","12.974","13.035","","6.34","","",
"Greenland","GRL","Unemployment, total (% of total labor force) (national estimate)","SL.UEM.TOTL.NE.ZS","","","","","","","","","","","","","","","","","","","","","","","","","","","","","","","","","","","","","12.922","10.077","11.558","9.033","11.025","9.535","8.818","10.299","10.444","9.251","8.398","","","","7.8","9.4","9.8","10.1","10.3","9.1","","","","","","","","","","",
"Guatemala","GTM","Unemployment, total (% of total labor force) (national estimate)","SL.UEM.TOTL.NE.ZS","","","","","","","","","","","","","","","","","","","","","5.055","2.153","2.272","","","","","3.495","","1.941","3.616","","","","","","","","","","1.912","","2.254","2.807","2.971","","1.902","","","","3.497","4.126","2.765","3.017","2.717","2.506","2.583","2.462","2.283","2.193","","2.174","3.051","2.344","1.903","2.327",
"Guam","GUM","Unemployment, total (% of total labor force) (national estimate)","SL.UEM.TOTL.NE.ZS","","","","","","","","","","","","","","","9.6","8.206","8.788","7.308","8.26","8","8.406","6.504","8.504","9.768","8.314","7.643","6.279","4.51","4.251","2.814","2.831","3.509","3.837","5.527","7.6","7.9","8.283","9.67","7.74","13.953","15.325","13.213","11.394","","7.659","7.017","7.133","8.349","","9.259","8.2","13.316","12.2","11.5","7.6","6.9","5.4","","","","","","","","","",
"Guyana","GUY","Unemployment, total (% of total labor force) (national estimate)","SL.UEM.TOTL.NE.ZS","","","","","","","","","","","","","","","","","","","","","","","","","","","","13.087","","","","","11.9","","","","","","","","","","11.814","","","","10.7","","","","","","","","","","","","13.627","13.172","12.594","14.738","","","6.579","",
"High income","HIC","Unemployment, total (% of total labor force) (national estimate)","SL.UEM.TOTL.NE.ZS","","","","","","","","","","","","","","","","","","","","","","","","","","","","","","","5.76914206069038","6.79106508402019","7.08597329860682","7.59250914765392","7.92319085654743","7.71376869959497","7.73646452187204","7.75939260867296","7.88556026575002","7.78816396020511","7.08252002607977","6.94721776096113","7.26981834863654","7.40308520689171","7.13363702513285","6.79077005894526","6.32541199702747","5.71284122972177","5.9327868030269","8.0778792930714","8.21850529137939","7.88364585805965","7.78485784368186","7.70782958355802","7.09301692766006","6.59434969900203","6.11066390223536","5.59073416152849","5.09690781365119","4.77663728310559","6.50362195007345","5.60358819788896","4.5330745218336","4.36864483501646","4.38682744880562","4.50184521746161",
"Hong Kong SAR, China","HKG","Unemployment, total (% of total labor force) (national estimate)","SL.UEM.TOTL.NE.ZS","","","","","","","","","","","","","","","","9.171","5","4.3","2.701","3.406","4.303","3.13","3.623","4.431","3.82","3.178","2.824","1.729","1.357","1.069","1.317","1.8","1.96","1.96","1.9","3.22","2.83","2.22","4.58","6.25","4.92","5.09","7.28","7.86","6.74","5.58","4.77","4.01","3.56","5.26","4.329","3.422","3.285","3.4","3.296","3.314","3.392","3.124","2.805","2.917","5.808","5.174","4.318","2.949","2.988","3.652",
"Honduras","HND","Unemployment, total (% of total labor force) (national estimate)","SL.UEM.TOTL.NE.ZS","","","","","","","","","","","","","","","8.1","","","","","","","","7.3","","","","12.119","11.397","","","4.776","4.581","3.06","","","3.239","4.372","3.322","4.019","3.849","","4","4.019","5.302","5.986","4.909","3.574","3.211","3.156","3.292","4.119","4.474","3.755","5.646","7.078","6.147","6.727","5.528","5.648","5.698","10.982","8.506","8.774","6.07","4.91","4.851",
"Heavily indebted poor countries (HIPC)","HPC","Unemployment, total (% of total labor force) (national estimate)","SL.UEM.TOTL.NE.ZS","","","","","","","","","","","","","","","","","","","","","","","","","","","","","","","","","","","","","","","","","","","","","","","","","","","","","","","","","","","","","","","","","","",
"Croatia","HRV","Unemployment, total (% of total labor force) (national estimate)","SL.UEM.TOTL.NE.ZS","","","","","","","","","","","","","","","","","","","","","","","","","","","","","","","","11.142","","","","","9.952","9.906","11.392","13.559","16.064","15.822","15.053","13.924","13.664","12.598","11.13","9.909","8.53","9.202","11.62","13.678","16.046","17.231","17.209","16.15","13.015","11.078","8.322","6.551","7.389","7.483","6.811","6.121","5.033","4.853",
"Haiti","HTI","Unemployment, total (% of total labor force) (national estimate)","SL.UEM.TOTL.NE.ZS","","","","","","","","","","","","","","","","","","","","","16.819","","12.218","12.822","","","","","23.903","","11.253","","","","","","","","","7.2","","","","25.438","","","","16.8","","","","","14.1","","","","","","","","","","","","","",
"Hungary","HUN","Unemployment, total (% of total labor force) (national estimate)","SL.UEM.TOTL.NE.ZS","","","","","","","","","","","","","","","","","","","","0.073","","","","","","","","","","","1.7","8.5","9.933","12.101","11.013","10.446","10.022","8.991","8.925","6.929","6.563","5.671","5.608","5.79","5.832","7.189","7.494","7.406","7.817","10.03","11.172","11.029","11.003","10.177","7.725","6.813","5.115","4.156","3.667","3.411","4.248","4.021","3.583","4.096","4.466","4.415",
"IBRD only","IBD","Unemployment, total (% of total labor force) (national estimate)","SL.UEM.TOTL.NE.ZS","","","","","","","","","","","","","","","","","","","","","","","","","","","","","","","","","","","3.43015703034435","","4.08162154825912","4.75828831218913","5.14613809955997","5.44745375882966","5.27584699223033","5.12409796634659","5.58822472090118","5.13797293640138","4.97153381092536","4.89561566597823","4.83854320429068","4.55968222709317","4.55934458937167","4.95240234134269","4.49887980094078","4.94662338532459","4.42914387849205","4.78556832457412","4.86846343172798","5.05410593798498","5.57116555131845","5.53272962607044","6.33773307682932","6.16080576134691","7.01295952924866","6.42423890222257","5.31949066624881","","","",
"IDA & IBRD total","IBT","Unemployment, total (% of total labor force) (national estimate)","SL.UEM.TOTL.NE.ZS","","","","","","","","","","","","","","","","","","","","","","","","","","","","","","","","","","","3.51243438680508","","","","","","5.28314560229695","","","","","4.96630886007132","","","","","4.38275613579141","4.68593268483966","4.39011418603024","4.54169594492611","","","","","6.18161194741978","5.90070253785586","6.75471507915623","6.30765584170619","5.19721201922927","","","",
"IDA total","IDA","Unemployment, total (% of total labor force) (national estimate)","SL.UEM.TOTL.NE.ZS","","","","","","","","","","","","","","","","","","","","","","","","","","","","","","","","","","","","","","","","","","","","","","","","","","","","","","","","","","","","","","","","","","",
"IDA blend","IDB","Unemployment, total (% of total labor force) (national estimate)","SL.UEM.TOTL.NE.ZS","","","","","","","","","","","","","","","","","","","","","","","","","","","","","","","","","","","","","","","","","","","","","","","","","","","","2.73474665684987","","3.55983049253162","3.53305873739345","4.11013024853432","4.63172952356867","","","4.89504861283081","","","","","","",
"Indonesia","IDN","Unemployment, total (% of total labor force) (national estimate)","SL.UEM.TOTL.NE.ZS","","","","","","","","","","","","","","","","","1.921","1.292","2.48","","1.656","","2.855","","","2.098","2.593","2.551","2.738","","2.541","2.617","2.734","2.782","4.366","","4.861","4.684","5.459","6.358","6.077","6.082","6.604","6.657","7.303","7.945","7.551","8.06","7.208","6.106","5.614","5.153","4.468","4.336","4.049","4.514","4.301","3.783","4.387","3.59","4.255","3.827","3.462","3.424","","",
"IDA only","IDX","Unemployment, total (% of total labor force) (national estimate)","SL.UEM.TOTL.NE.ZS","","","","","","","","","","","","","","","","","","","","","","","","","","","","","","","","","","","","","","","","","","","","","","","","","","","","","","","","","","","","","","","","","","",
"Isle of Man","IMN","Unemployment, total (% of total labor force) (national estimate)","SL.UEM.TOTL.NE.ZS","","","","","","","","","","","","","","","","3.1","3.5","3.7","3.1","2.3","2.9","4.6","5.9","7.1","7.4","8","7.7","5.8","3.3","2","2.1","4.098","4.3","4.9","4.7","4.4","3.545","","","0.8","0.6","1.6","0.5","0.8","1","1.4","2.417","1.4","1.4","","","3.3","","2.598","1.98","","2.667","","","","","","","","","",
"India","IND","Unemployment, total (% of total labor force) (national estimate)","SL.UEM.TOTL.NE.ZS","","","","","","","","","","","","","","","","","","","","","","","","","","","","","","","","","","","2.147","","","","","","2.731","","","","","3.804","","","","","3.115","","3.222","","","","","","7.652","6.51","7.859","6.38","4.822","4.172","4.173","4.506",
"Not classified","INX","Unemployment, total (% of total labor force) (national estimate)","SL.UEM.TOTL.NE.ZS","","","","","","","","","","","","","","","","","","","","","","","","","","","","","","","","","","","","","","","","","","","","","","","","","","","","","","","","","","","","","","","","","","",
"Ireland","IRL","Unemployment, total (% of total labor force) (national estimate)","SL.UEM.TOTL.NE.ZS","","","","","","","","","","","","","","","","","","","","","","","","14.764","16.438","17.92","18.02","18.056","17.431","16.092","14.077","15.771","15.021","15.571","14.544","11.97","11.692","10.191","7.699","5.804","4.318","3.684","4.216","4.478","4.491","4.237","4.355","4.98","6.774","12.609","14.534","15.354","15.451","13.735","11.858","9.908","8.374","6.713","5.741","4.95","5.623","6.357","4.465","4.243","4.475","4.642",
"Iran, Islamic Rep.","IRN","Unemployment, total (% of total labor force) (national estimate)","SL.UEM.TOTL.NE.ZS","","","","","","","","","","","","","","","","","","","","","","","","","","","14.2","","","","","11.1","","","","","9.1","","","","","","12.8","","10.3","11.813","11.519","10.772","10.63","12.113","13.679","12.491","12.275","10.595","10.68","11.166","12.618","12.232","12.195","10.74","9.687","9.282","9.085","8.129","7.631","",
"Iraq","IRQ","Unemployment, total (% of total labor force) (national estimate)","SL.UEM.TOTL.NE.ZS","","","","","","","","","","","","","","","","","","","","","","","","","","","","","","","","","","","","","","","","","","","","","","","","8.646","","","","","7.965","","10.592","","10.82","13.017","","","","16.173","","","","",
"Iceland","ISL","Unemployment, total (% of total labor force) (national estimate)","SL.UEM.TOTL.NE.ZS","","","","","","","","","","","","","","","","","","","","","","","","","","","","","","","1.758","2.549","4.306","5.255","5.327","5.196","3.6","3.72","3.069","2.178","1.936","1.874","2.988","3.997","4.031","2.547","2.83","2.251","2.946","7.22","7.564","7.028","6","5.376","4.897","3.979","2.978","2.742","2.704","3.507","5.478","6.029","3.789","3.518","3.558","4.433",
"Israel","ISR","Unemployment, total (% of total labor force) (national estimate)","SL.UEM.TOTL.NE.ZS","","","","","","","","","","4.474","3.824","3.457","2.704","2.642","3.055","3.059","3.634","3.936","3.554","2.888","4.826","5.072","5.005","4.506","5.893","6.613","7.079","5.963","6.355","8.761","9.565","10.575","11.171","10.017","7.813","8.782","8.455","9.751","10.749","11.183","11.102","11.812","12.888","13.505","13.029","11.342","10.707","9.379","7.704","9.534","8.48","7.139","6.762","6.137","5.789","5.176","4.723","4.14","3.917","3.731","4.169","4.812","3.695","3.371","2.901","3",
"Italy","ITA","Unemployment, total (% of total labor force) (national estimate)","SL.UEM.TOTL.NE.ZS","","","","","","","","","","","5.436","5.435","6.393","6.372","5.38","5.816","6.639","7.118","7.23","7.638","7.527","8.377","9.022","8.531","9.404","9.404","10.535","10.719","10.973","10.989","9.781","10.097","9.321","10.212","11.086","11.661","11.864","11.985","12.117","11.681","10.834","9.599","9.211","8.869","7.866","7.73","6.777","6.076","6.723","7.749","8.363","8.359","10.655","12.149","12.683","11.896","11.688","11.211","10.538","9.884","9.192","9.497","8.069","7.627","6.499","6.133",
"Jamaica","JAM","Unemployment, total (% of total labor force) (national estimate)","SL.UEM.TOTL.NE.ZS","","","","","","","","","","17.582","","","23.184","22.105","20.123","19.651","21.808","24.151","23.723","27.564","35.51","25.002","26.703","26.38","25.516","33.39","23.384","20.991","23.032","16.76","15.716","15.743","15.75","16.314","15.339","16.244","16.014","16.485","15.505","15.638","15.539","14.989","14.19","11.736","11.442","11.263","10.325","9.745","6.666","7.314","7.63","8.034","8.695","9.698","9.046","","8.634","7.399","5.47","4.987","6.501","5.188","4.083","3.022","","",
"Jordan","JOR","Unemployment, total (% of total labor force) (national estimate)","SL.UEM.TOTL.NE.ZS","","","","","","","","","","","","","","","","","","","","","","","","6.6","","","13.3","14.8","","","","","","19.7","","14.6","13.7","","","","13.7","14.7","15.3","14.5","","14.8","14","13.1","12.7","12.9","12.5","12.9","12.2","12.6","11.9","13.075","15.275","18.12","18.257","16.801","19.213","19.837","18.2","16.62","16.804","",
"Japan","JPN","Unemployment, total (% of total labor force) (national estimate)","SL.UEM.TOTL.NE.ZS","1.7","1.4","1.3","1.3","1.1","1.2","1.3","1.3","1.2","1.1","1.1","1.2","1.4","1.3","1.4","1.9","2","2","2.2","2.1","2","2.2","2.4","2.6","2.7","2.6","2.8","2.8","2.5","2.3","2.1","2.1","2.2","2.5","2.9","3.2","3.4","3.4","4.1","4.7","4.748","5.02","5.386","5.251","4.734","4.446","4.192","3.888","4.002","5.068","5.102","4.55","4.358","4.038","3.589","3.385","3.132","2.822","2.467","2.351","2.809","2.808","2.614","2.586","2.5","2.5",
"Kazakhstan","KAZ","Unemployment, total (% of total labor force) (national estimate)","SL.UEM.TOTL.NE.ZS","","","","","","","","","","","","","","","","","","","","","","","","","","","","","","","","0.05","0.4","1.109","7.538","10.983","12.96","13.008","13.127","13.465","12.753","10.433","9.334","8.777","8.402","8.11","7.79","7.258","6.63","6.6","5.767","5.389","5.286","5.205","","4.971","","4.9","","","4.9","","4.9","","","",
"Kenya","KEN","Unemployment, total (% of total labor force) (national estimate)","SL.UEM.TOTL.NE.ZS","","","","","","","","","","","","","","","","","","","","","","","","","","","","","","","","","","","","","","","","10.004","","","","","","9.957","","","","9.6","","","","","","","2.757","","","5.014","","5.585","","","","",
"Kyrgyz Republic","KGZ","Unemployment, total (% of total labor force) (national estimate)","SL.UEM.TOTL.NE.ZS","","","","","","","","","","","","","","","","","","","","","","","","","","","","","","","","","","","","","","","","","7.544","7.844","12.549","","8.53","8.109","8.271","","8.219","8.4","8.692","7.455","5.908","5.526","5.051","4.2","4.009","3.319","4.559","5.45","5.945","5.149","4.767","3.498","","",
"Cambodia","KHM","Unemployment, total (% of total labor force) (national estimate)","SL.UEM.TOTL.NE.ZS","","","","","","","","","","","","","","","","","","","","","","","","","","","","","","","","","","","","","0.963","0.638","5.258","0.039","2.764","2.055","","0.909","7.533","","","1.257","0.825","0.579","0.771","0.577","1.279","0.438","0.692","0.393","0.716","0.141","","0.499","0.172","0.396","","0.256","","3.275",
"Kiribati","KIR","Unemployment, total (% of total labor force) (national estimate)","SL.UEM.TOTL.NE.ZS","","","","","","","","","","","","","","","","","","","","","","","","","","","","","","","","","","","","","","","","","","","","","","14.649","","","","","30.584","","","","","9.334","","","","8.557","10.971","","","2.786","","",
"St. Kitts and Nevis","KNA","Unemployment, total (% of total labor force) (national estimate)","SL.UEM.TOTL.NE.ZS","","","","","","","","","","","","","","","","","","","","","9.828","","","","","","","","","","","5.142","","","","","","","","","","5.122","","","","","","","","","","","","","","","","","","","","","","","","",
"Korea, Rep.","KOR","Unemployment, total (% of total labor force) (national estimate)","SL.UEM.TOTL.NE.ZS","","","","","","","","","","4.8","","","","","","4.18","3.808","3.806","3.167","3.812","5.18","4.495","4.348","4.055","3.796","3.982","3.81","3.075","2.514","2.566","2.449","2.291","2.393","2.777","2.405","2.016","2.004","2.576","6.811","6.472","4.063","3.699","3.046","3.348","3.42","3.482","3.254","3.013","2.959","3.363","3.324","2.992","2.812","3.067","3.082","3.546","3.65","3.653","3.824","3.746","3.931","3.639","2.857","2.675","2.784","2.789",
"Kuwait","KWT","Unemployment, total (% of total labor force) (national estimate)","SL.UEM.TOTL.NE.ZS","","","","","","","","","","","","","","","","","","","","","","","","1.138","","","","","1.907","","","","","0.8","0.7","","0.7","0.7","0.7","0.7","0.8","0.8","1.1","5.752","1.7","1.951","1.3","1.5","1.753","1.641","1.816","3.597","","","2.9","1.947","2.164","","","","","","","","","",
"Latin America & Caribbean (excluding high income)","LAC","Unemployment, total (% of total labor force) (national estimate)","SL.UEM.TOTL.NE.ZS","","","","","","","","","","","","","","","","","","","","","","","","","","","","","","","6.06650329134569","","7.58466694810604","6.40257484718438","","8.32089596164123","8.70757132117797","8.31840133983866","8.90699986403389","9.5823415203571","","8.97775464363858","9.477374423217","9.55601892863685","8.34277577781031","8.26103466361903","7.14139423453382","7.25613501302003","6.6162371624921","7.58046974289794","","6.52443946091216","6.35887745975954","6.1357261698467","5.92404533629871","6.4372018132954","7.61718685615572","7.95111118515154","7.94111475715146","8.11767296380241","10.3296052244461","9.17718141986976","6.80730947274261","5.98275004804047","5.58582534988605","5.03751085596906",
"Lao PDR","LAO","Unemployment, total (% of total labor force) (national estimate)","SL.UEM.TOTL.NE.ZS","","","","","","","","","","","","","","","","","","","","","","","","","","","","","","","","","","","","2.6","","","","","","","","1.683","","1.351","","","","","0.708","","","","","2.006","","3.268","","","","","1.209","","","",
"Lebanon","LBN","Unemployment, total (% of total labor force) (national estimate)","SL.UEM.TOTL.NE.ZS","","","","","","","","","","","","","","","","","","","","","","","","","","","","","","","","","","","","","","8.618","","","","","","","7.853","","","8.984","","6.355","","","","","","","","","","11.301","","","","","","",
"Liberia","LBR","Unemployment, total (% of total labor force) (national estimate)","SL.UEM.TOTL.NE.ZS","","","","","","","","","","","","","","","","","","","","","","","","","","","","","","","","","","","","","","","","","","","","","","","","5.551","","","2.266","","","","2.079","","3.081","5.931","","","","","","","","",
"Libya","LBY","Unemployment, total (% of total labor force) (national estimate)","SL.UEM.TOTL.NE.ZS","","","","","","","","","","","","","","","","","","","","","","","","","","","","","","","","","","","","","","","","","","","","","","","","","","","","","19","","","","","","","","","","","","","",
"St. Lucia","LCA","Unemployment, total (% of total labor force) (national estimate)","SL.UEM.TOTL.NE.ZS","","","","","","","","","","","","","","","","","","","","","","","","","","","","","","","","","","16.8","17.013","15.839","16.325","20.468","21.601","18.092","16.492","","20.39","22.182","20.976","18.7","16","14","12.72","15.37","","18.857","19.062","22.209","","","16.559","18.894","19.116","15.344","20.405","19.58","15.766","12.021","10.074","7.661",
"Latin America & Caribbean","LCN","Unemployment, total (% of total labor force) (national estimate)","SL.UEM.TOTL.NE.ZS","","","","","","","","","","","","","","","","","","","","","","","","","","","","","","","6.20552182031976","","7.64257175208872","6.5246882942134","","8.30879003656543","8.73768736753199","8.34899811149905","8.88388892545095","9.61592409148367","","9.07088392374437","9.55799444219121","9.61732245925458","8.44659583206992","8.33064377996342","7.21367812516949","7.25774378071266","6.66856208528301","7.66772164553804","","6.60156681893217","6.41333589458903","6.18540843745363","6.00323750146989","6.47423621669181","7.59027433702933","7.92401495215508","7.93743023300543","8.11016282854163","10.4843570713573","9.23702298223715","6.90636477869571","6.12489546327915","5.7455570306876","5.22373783884692",
"Least developed countries: UN classification","LDC","Unemployment, total (% of total labor force) (national estimate)","SL.UEM.TOTL.NE.ZS","","","","","","","","","","","","","","","","","","","","","","","","","","","","","","","","","","","","","","","","","","","","","","","","","","","","","","","","","","","","","","","","","","",
"Low income","LIC","Unemployment, total (% of total labor force) (national estimate)","SL.UEM.TOTL.NE.ZS","","","","","","","","","","","","","","","","","","","","","","","","","","","","","","","","","","","","","","","","","","","","","","","","","","","","","","","","","","","","","","","","","","",
"Liechtenstein","LIE","Unemployment, total (% of total labor force) (national estimate)","SL.UEM.TOTL.NE.ZS","","","","","","","","","","","","","","","","","","","","","","","","","","","","","","","0.146","0.516","0.763","1.359","1.018","0.904","1.599","1.336","1.783","1.775","1.275","1.123","1.447","2.109","2.399","2.662","2.461","2.012","2.603","3.332","3.435","3.39","3.242","3.464","3.829","3.642","","2.31","","","","","","","","",
"Sri Lanka","LKA","Unemployment, total (% of total labor force) (national estimate)","SL.UEM.TOTL.NE.ZS","","","","","","","","","","","","","","","","","","","","","","15.837","","","","12.596","","","","","15.9","14.661","14.22","13.82","13.903","12.209","10.826","9.741","9.165","8.881","7.74","7.924","","8.221","8.383","7.672","6.476","5.96","5.206","5.853","4.784","4.118","3.974","4.186","4.157","4.519","4.242","4.046","4.318","4.67","5.364","4.981","4.528","4.665","4.317","",
"Lower middle income","LMC","Unemployment, total (% of total labor force) (national estimate)","SL.UEM.TOTL.NE.ZS","","","","","","","","","","","","","","","","","","","","","","","","","","","","","","","","","","","3.30024358628533","","","","","","3.62367315166653","","","","","5.07896278290941","","","","","3.59064887543892","","4.15871565870344","","","","","","7.17427147782814","6.06393908476029","7.34375954148576","6.55603616165212","5.04707973309725","4.31623718948326","4.29770235107696","",
"Low & middle income","LMY","Unemployment, total (% of total labor force) (national estimate)","SL.UEM.TOTL.NE.ZS","","","","","","","","","","","","","","","","","","","","","","","","","","","","","","","","","","","3.04240440399092","","","","","","4.88636168743841","","","","","4.72621083071907","","","","","4.18175752297667","","4.26337738284999","","","","","","6.24224795696458","5.96789697630263","6.79749882628312","6.36695830935992","5.24173844951588","","","",
"Lesotho","LSO","Unemployment, total (% of total labor force) (national estimate)","SL.UEM.TOTL.NE.ZS","","","","","","","","","","","","","","","","","","","","","","","","","","","22.88","","","","","","","","","","","37.941","","27.267","","","","","","","","","35.462","","","","","24.582","","","","","","16.876","","","","","18.701","",
"Late-demographic dividend","LTE","Unemployment, total (% of total labor force) (national estimate)","SL.UEM.TOTL.NE.ZS","","","","","","","","","","","","","","","","","","","","","","","","","","","","","","","3.00213956864101","1.87315983559025","2.61767691874061","2.67419569582782","2.70064721085838","3.26628938334541","3.29937617411351","3.6902065349802","4.37970656413502","4.61395177314267","5.11271259883372","3.98518799788091","3.9922256512841","3.91192972109378","3.64907661955946","4.00184805273764","3.55207547231451","3.3136546142538","3.47883023201462","3.9324113922335","3.84754373603637","3.96888822874696","3.88060299487474","3.94716776912648","3.92943998627972","4.25071255955013","4.81848205651948","4.79521637482344","5.42373672682302","5.56440285626394","6.24237989544102","5.85877214888685","4.96678050573281","","","",
"Lithuania","LTU","Unemployment, total (% of total labor force) (national estimate)","SL.UEM.TOTL.NE.ZS","","","","","","","","","","","","","","","","","","","","","","","","","","","","","","","","","","","17.335","17.536","15.588","14.134","13.711","13.388","15.931","16.84","13.008","12.874","10.684","8.325","5.78","4.25","5.826","13.785","17.814","15.39","13.365","11.77","10.698","9.12","7.862","7.073","6.147","6.255","8.487","7.112","5.955","6.841","7.095","6.866",
"Luxembourg","LUX","Unemployment, total (% of total labor force) (national estimate)","SL.UEM.TOTL.NE.ZS","","","","","","","","","","","","","","","","","","","","","","","","3.198","2.628","2.956","2.631","2.465","1.998","1.588","1.607","1.482","2.029","2.33","3.479","2.918","3.286","2.527","2.763","2.39","2.345","1.805","2.621","3.675","5.113","4.488","4.731","4.065","5.06","5.194","4.423","5.122","5.03","6.045","6.044","6.796","6.669","5.523","5.589","5.592","6.766","5.571","4.588","5.184","6.421","6.476",
"Latvia","LVA","Unemployment, total (% of total labor force) (national estimate)","SL.UEM.TOTL.NE.ZS","","","","","","","","","","","","","","","","","","","","","","","","","","","","","","","","","","","","","20.196","14.712","14.454","13.79","14.211","13.821","13.829","12.061","11.708","10.033","7.03","6.052","7.739","17.515","19.482","16.206","15.047","11.867","10.846","9.873","9.643","8.715","7.412","6.312","8.098","7.513","6.815","6.465","6.884","6.886",
"Macao SAR, China","MAC","Unemployment, total (% of total labor force) (national estimate)","SL.UEM.TOTL.NE.ZS","","","","","","","","","","","","","","","","","","","","","","","","","","","","","","3.7","3.162","3.01","2.26","2.127","2.494","3.587","4.171","3.137","4.511","","6.874","6.463","6.405","6.134","4.891","4.16","3.775","3.034","3.033","3.6","2.8","2.6","2","1.8","1.7","1.8","1.964","1.981","1.803","1.73","2.542","","","","","",
"St. Martin (French part)","MAF","Unemployment, total (% of total labor force) (national estimate)","SL.UEM.TOTL.NE.ZS","","","","","","","","","","","","","","","","","","","","","","","","","","","","","","","","","","","","","","","","","","","","","","","","","","","","","","","","","","","","","","","","","","",
"Morocco","MAR","Unemployment, total (% of total labor force) (national estimate)","SL.UEM.TOTL.NE.ZS","","","","","","","","","","","","","","","","","","","","","","","11.503","","","","","14.7","13.9","16.3","15.802","16.982","15.682","15.686","17.931","22.86","17.761","16.665","19.122","13.939","","12.464","11.588","11.916","10.827","11.009","9.668","9.56","9.566","8.96","9.09","8.912","8.99","9.233","9.7","9.46","9.3","","","","","12.3","11.79","","","",
"Monaco","MCO","Unemployment, total (% of total labor force) (national estimate)","SL.UEM.TOTL.NE.ZS","","","","","","","","","","","","","","","","","","","","","","","","","","","","","","","","","","","","","","","","","3.6","","","","","","","","","","","","","","","","6.332","","","","","","","","","",
"Moldova","MDA","Unemployment, total (% of total labor force) (national estimate)","SL.UEM.TOTL.NE.ZS","","","","","","","","","","","","","","","","","","","","","","","","","","","","","","1.256","","","0.726","","","","1.542","","1.025","","8.539","7.366","6.845","6.378","6.374","5.633","4.26","2.749","2.097","3.024","2.972","2.677","2.189","1.894","1.45","1.781","1.591","1.622","1.239","1.502","1.206","0.794","0.909","1.57","1.427","1.279",
"Madagascar","MDG","Unemployment, total (% of total labor force) (national estimate)","SL.UEM.TOTL.NE.ZS","","","","","","","","","","","","","","","","","","","","","","","","","","","","","","","","","","","","","","","","","5.799","5.348","","5.007","","2.3","","","","","4.278","","0.599","","","1.785","","","","","","","3.186","","","",
"Maldives","MDV","Unemployment, total (% of total labor force) (national estimate)","SL.UEM.TOTL.NE.ZS","","","","","","","","","","","","","","","","","","","","","","","","","","","","","","","","","","","","0.786","","","","","1.968","","","","","","","","","11.697","","","","","3.846","","5.771","","","4.562","","","","","","",
"Middle East, North Africa, Afghanistan & Pakistan","MEA","Unemployment, total (% of total labor force) (national estimate)","SL.UEM.TOTL.NE.ZS","","","","","","","","","","","","","","","","","","","","","","","","","","","","","","","","9.98208537052052","","","9.99711876305365","","8.0255925407166","","","","","10.2607101510369","11.0755710205066","10.4575388560695","9.98813173126497","9.89261432880769","7.17795465902688","6.82662157786463","6.24587123563109","6.60607704178384","6.8744257015309","7.25497818716284","7.99955816528937","7.59383663207344","7.55932636538062","7.83582436524475","7.4105015604302","","7.21865096593822","6.95554915619972","7.80823506588111","7.82706080297866","","","","",
"Mexico","MEX","Unemployment, total (% of total labor force) (national estimate)","SL.UEM.TOTL.NE.ZS","","","","","","","","","","","","","","","","","","","","","","","","","","","","","2.509","","2.742","3.047","7.348","3.214","10.358","6.888","5.25","4.055","3.573","2.488","2.563","2.757","3.003","3.455","3.937","3.558","3.566","3.628","3.874","5.356","5.303","5.175","4.892","4.921","4.819","4.311","3.853","3.419","3.275","3.477","4.378","3.941","3.174","2.704","2.616","2.542",
"Marshall Islands","MHL","Unemployment, total (% of total labor force) (national estimate)","SL.UEM.TOTL.NE.ZS","","","","","","","","","","","","","","","","","","","","","9.728","","","","","","","","12.465","","","","","","","","","","","30.906","","","","","","25.369","","","","","","4.735","","","","","","","","6.342","","9.823","","","","",
"Middle income","MIC","Unemployment, total (% of total labor force) (national estimate)","SL.UEM.TOTL.NE.ZS","","","","","","","","","","","","","","","","","","","","","","","","","","","","","","","","","","","3.01690510112952","","","","","","4.88219587747249","","","","","4.80031265238106","","","","4.58323156378054","4.13489788852327","4.44404355132665","4.30068856679858","4.46300725367075","4.56064407841462","","5.34801013574513","","6.27342782925741","6.01486072897091","6.89107995921117","6.43004046948374","5.24657816262334","","","",
"North Macedonia","MKD","Unemployment, total (% of total labor force) (national estimate)","SL.UEM.TOTL.NE.ZS","","","","","","","","","","","","","","","","","","","","","","","22","20.9","21.1","21.6","21.7","21.5","21.4","22.6","23.6","24.5","26.3","27.7","30","35.6","31.799","36","34.5","32.4","32.2","30.515","31.944","36.687","37.161","37.32","36.392","35.231","33.93","32.351","33.135","31.502","31.096","29.017","28.215","26.395","24.312","22.857","21.208","17.414","16.575","15.801","14.476","13.174","12.265","11.531",
"Mali","MLI","Unemployment, total (% of total labor force) (national estimate)","SL.UEM.TOTL.NE.ZS","","","","","","","","","","","","","","","","","","","","","","","","","","","","","","","","","","","","","","3.3","","","","","","","8.754","","6.665","11.706","","1.665","8.071","6.9","","6.351","6.375","7.729","1.367","7.414","1.62","3.193","3.528","","5.442","5.446","4.5","",
"Malta","MLT","Unemployment, total (% of total labor force) (national estimate)","SL.UEM.TOTL.NE.ZS","","","","","","","","","","","","","","","","","","","","","","","","8.5","","8.1","6.8","4.4","4","3.7","3.9","3.6","4","4.5","4.1","3.7","4.4","5","5.1","5.3","6.324","7.107","6.902","7.488","7.317","6.923","6.798","6.472","5.977","6.896","6.861","6.388","6.203","6.115","5.737","5.389","4.694","4.008","3.956","4.08","4.856","3.754","3.471","3.479","3.199","3.05",
"Myanmar","MMR","Unemployment, total (% of total labor force) (national estimate)","SL.UEM.TOTL.NE.ZS","","","","","","","","","","","","","","","","","","","","","","","","","","2.806","2.166","","0.215","","6","","","","","","","","","","","","","","","","","","","","","","","","3.868","0.766","","1.356","0.767","0.407","1.476","","","","","",
"Middle East, North Africa, Afghanistan & Pakistan (excluding high income)","MNA","Unemployment, total (% of total labor force) (national estimate)","SL.UEM.TOTL.NE.ZS","","","","","","","","","","","","","","","","","","","","","","","","","","","","","","","","9.98798348058263","","","10.1548362474727","","8.08771779170467","9.5721676901519","","","","10.6291020036343","11.385307179546","10.7016703040472","10.2269160783231","10.3078975055578","7.25021328573984","6.91100638137543","6.43893681607351","6.71662878047951","7.03895996901844","7.37859209903129","8.26521678930651","7.85239309794955","7.83605133613722","8.29491010463038","8.03362856693895","","","7.54852245910618","8.26365189720737","8.31805088682382","","","","",
"Montenegro","MNE","Unemployment, total (% of total labor force) (national estimate)","SL.UEM.TOTL.NE.ZS","","","","","","","","","","","","","","","","","","","","","","","","","","","","","","","","","","","","","","","","","","","","","","30.305","","19.34","17.15","19.09","19.649","19.759","19.808","19.585","18.054","17.555","17.732","16.082","15.19","15.128","17.878","16.543","14.851","13.146","11.534","",
"Mongolia","MNG","Unemployment, total (% of total labor force) (national estimate)","SL.UEM.TOTL.NE.ZS","","","","","","","","","","","","","","","","","","","","","","","","","","","","","","","","","","8.587","8.973","5.549","6.715","7.686","5.939","4.66","4.551","4.623","6.2","6.768","3.61","3.29","7.193","7.193","5.565","5.86","6.549","4.769","3.905","4.231","4.798","4.861","7.235","6.359","5.377","9.024","6.413","7.871","5.954","5.178","5.812","5.408",
"Northern Mariana Islands","MNP","Unemployment, total (% of total labor force) (national estimate)","SL.UEM.TOTL.NE.ZS","","","","","","","","","","","","","","","","","","","","","","","","","11.748","9.906","","","","","","","","","","","","","","","3.826","","","4.569","","8.222","","","","","11.174","","","","","","","","","","","","","","","",
"Mozambique","MOZ","Unemployment, total (% of total labor force) (national estimate)","SL.UEM.TOTL.NE.ZS","","","","","","","","","","","","","","","","","","","","","","","","","","","","","","","","","","","","","","2.696","","","","","","","","","","","","","","","","","","3.426","","","","","","","6.789","","","",
"Mauritania","MRT","Unemployment, total (% of total labor force) (national estimate)","SL.UEM.TOTL.NE.ZS","","","","","","","","","","","","","","","","","","14.139","","","","","","","","","","","25.803","","","","","","","","","","","","","","","","","","","","","","","","9.864","","","","","10.336","","10.416","","","","","","",
"Mauritius","MUS","Unemployment, total (% of total labor force) (national estimate)","SL.UEM.TOTL.NE.ZS","","","","","","","","","","","","","","","","","","","","","","","","","","","","","","","","","","","","9.593","","","","","","9.14","8.205","5.904","8.337","9.524","9.04","8.475","7.17","7.257","7.654","7.447","7.472","7.322","7.467","7.41","6.814","6.752","6.426","6.331","8.626","7.719","6.322","5.571","5.827","",
"Malawi","MWI","Unemployment, total (% of total labor force) (national estimate)","SL.UEM.TOTL.NE.ZS","","","","","","","","","","","","","","","","","","","","","","","","5.4","","","","1.312","","","","","","","","","","","0","","","","","","4.457","0.942","","","","","","1.736","","4.978","","","","3.77","","","0.907","","","","15.406","",
"Malaysia","MYS","Unemployment, total (% of total labor force) (national estimate)","SL.UEM.TOTL.NE.ZS","","","","","","","","","","","5.136","","","","","","","","","","1.661","","3.4","3.8","5.046","5.623","7.425","7.324","6.949","5.731","4.503","0.481","3.705","4.113","","3.146","2.516","2.446","3.197","3.43","3.002","3.53","3.476","3.612","3.544","3.535","","3.227","3.341","3.694","3.252","3.055","3.035","3.113","2.883","3.1","3.4","3.36","3.3","3.3","4.5","4.6","3.9","","","",
"North America","NAC","Unemployment, total (% of total labor force) (national estimate)","SL.UEM.TOTL.NE.ZS","","","","","","","","","","","","","","","","","","","","","","","","","","","","","","","5.8603703841796","7.16085104908465","7.87315728585848","7.34989291267264","6.54555954314501","6.03024492508477","5.86183271562099","5.40301547573426","4.88226202925985","4.55171801715172","4.27316817166147","4.97961964201139","5.97486412366027","6.15326151532504","5.70124819512877","5.25750859640354","4.81614136114576","4.78243165759455","5.83652846325955","9.16994852137916","9.47758645184374","8.81021486444767","7.99988523073155","7.35357072187004","6.26365542726987","5.46508903395083","5.10654109174315","4.58167050671604","4.10775536945954","3.8903476204603","8.2305997250471","5.59099333088373","3.83242654523102","3.83764617455948","4.28949305736319","4.57520817552304",
"Namibia","NAM","Unemployment, total (% of total labor force) (national estimate)","SL.UEM.TOTL.NE.ZS","","","","","","","","","","","","","","","","","","","","","","","","","","","","","","","","19.138","","","19.4","","","19.5","","","20.3","31.21","","","22.094","","","","37.583","","22.12","","16.771","19.028","18.521","","23.352","","19.877","","","","","35.19","","",
"New Caledonia","NCL","Unemployment, total (% of total labor force) (national estimate)","SL.UEM.TOTL.NE.ZS","","","","","","","","","","","","","","","","","","","","","","","","","","","","","","","","","","","","","18.64","","","","","","","","16.307","","","","","13.967","","","","","14.591","","","11.676","11.702","10.88","13.558","","10.71","10.151","","",
"Niger","NER","Unemployment, total (% of total labor force) (national estimate)","SL.UEM.TOTL.NE.ZS","","","","","","","","","","","","","","","","","","","","","","","","","","","","","","","","","","","","","","","","","","1.467","","","","3.1","","","","","","0.316","2.177","","0.524","","","7.769","","0.531","","","0.403","","","",
"Nigeria","NGA","Unemployment, total (% of total labor force) (national estimate)","SL.UEM.TOTL.NE.ZS","","","","","","","","","","","","","","","","","","","","","","","","2.076","","","3.945","","","","","","","","","","","","","","","","","","","","","","","","","3.77","","3.711","4.562","4.311","7.06","8.389","","4.448","","","3.827","3.074","3.454","",
"Nicaragua","NIC","Unemployment, total (% of total labor force) (national estimate)","SL.UEM.TOTL.NE.ZS","","","","","","","","","","","","","","","","","","","","","","","","","","3.2","4.7","5.8","6","8.66","10.001","","","","","","10.375","","7.511","4.751","","4.12","","7.595","6.409","5.372","5.313","4.891","6.2","8.157","7.828","","5.208","5.276","4.52","4.7","3.9","3.3","5.2","","","","","","","",
"Netherlands","NLD","Unemployment, total (% of total labor force) (national estimate)","SL.UEM.TOTL.NE.ZS","","","","","","","","","","","","","","","","6","","5.884","","6.159","6.477","7.924","12.028","11.851","","10.48","14.403","9.898","9.369","8.704","7.671","7.285","5.555","6.287","7.159","7.157","6.421","5.511","4.394","3.622","2.725","2.119","2.554","3.593","4.646","5.872","5.007","4.153","3.658","4.352","4.991","4.977","5.821","7.241","7.419","6.872","6.007","4.837","3.832","3.379","3.82","4.209","3.526","3.535","3.638","3.848",
"Norway","NOR","Unemployment, total (% of total labor force) (national estimate)","SL.UEM.TOTL.NE.ZS","","","","","","","","","","","","","1.67","1.548","1.485","2.29","1.757","1.459","1.801","1.991","1.652","2.026","2.606","3.425","3.147","2.564","1.974","2.119","3.161","4.875","5.323","5.553","6.011","6.056","5.474","6.307","5.036","4.687","3.737","3.247","3.458","3.738","4.022","4.221","4.256","4.381","3.397","2.493","2.521","3.1","3.527","3.196","3.129","3.425","3.486","4.296","4.68","4.164","3.801","3.684","4.424","4.359","3.231","3.574","3.982","4.456",
"Nepal","NPL","Unemployment, total (% of total labor force) (national estimate)","SL.UEM.TOTL.NE.ZS","","","","","","","","","","","","","","","","","","","","","","","","","","","","","","","","","","","","","4.5","","","1.846","","","","1.482","","","","","1.378","","","","","","","3.1","","10.66","","","","","","","","",
"Naoero","NRU","Unemployment, total (% of total labor force) (national estimate)","SL.UEM.TOTL.NE.ZS","","","","","","","","","","","","","","","","","","","","","","","","","","","","","","","","","","","","","","","","","","","22.7","","","","8.256","","","","","22.964","","13.282","","","","","","","","5.056","","","","",
"New Zealand","NZL","Unemployment, total (% of total labor force) (national estimate)","SL.UEM.TOTL.NE.ZS","","","","","","","","","","","","","","","","","","","","","","","","","","","4.14","4.16","5.713","7.238","7.971","10.611","10.673","9.799","8.362","6.462","6.298","6.848","7.724","7.035","6.138","5.448","5.285","4.751","4.012","3.812","3.852","3.606","4.039","5.867","6.209","6.035","6.487","5.842","5.43","5.409","5.147","4.737","4.331","4.112","4.603","3.797","3.316","3.768","4.763","5.263",
"OECD members","OED","Unemployment, total (% of total labor force) (national estimate)","SL.UEM.TOTL.NE.ZS","","","","","","","","","","","","","","","","","","","","","","","","","","","","","","","5.88749065035396","6.74684985055936","7.49480973115397","7.61755802272825","8.09396619888825","7.50301282526959","7.45611002676212","7.18932338057148","7.18733811824759","7.18514914530966","6.72295144039092","6.66870618083703","7.17125304189135","7.31007064980036","7.17216711158301","6.82959945852892","6.17467870975247","5.84287073813686","6.16197047330742","8.33376537111778","8.51953383441114","8.12079777544945","8.1046801713249","8.00643873442158","7.41483745640204","6.86197486037388","6.43899823870029","5.91903680835928","5.47539229795603","5.38790769486574","7.13555066850909","6.18818200439958","4.98486346359998","4.81259123165349","4.8955403792141","4.96119736238112",
"Oman","OMN","Unemployment, total (% of total labor force) (national estimate)","SL.UEM.TOTL.NE.ZS","","","","","","","","","","","","","","","","","","","","","","","","","","","","","","","","","","","","","","","","","22.916","","","","","","","","4.142","","","","","","","","3.266","1.677","1.8","2.765","2.94","1.9","3.291","","3.3","",
"Other small states","OSS","Unemployment, total (% of total labor force) (national estimate)","SL.UEM.TOTL.NE.ZS","","","","","","","","","","","","","","","","","","","","","","","","","","","","","","","","","","","","","","","","","","","","","","","","8.44752328824361","","","","","","","","","9.61432651899671","","","","","8.53897683939907","","","","",
"Pakistan","PAK","Unemployment, total (% of total labor force) (national estimate)","SL.UEM.TOTL.NE.ZS","","","","","","","","","","","","2.087","2.154","2","1.666","1.697","1.9","1.9","4.183","4.117","4.005","3.816","3.825","4.298","4.162","3.973","3.97","3.05","2.163","2.03","1.971","6.28","5.85","4.73","4.84","5.029","4.788","5.812","5.703","5.352","7.162","6.882","7.827","7.489","7.398","7.047","0.582","0.398","0.423","0.535","0.653","0.796","3.667","2.954","1.827","3.566","2.285","","4.083","4.83","6.74","6.338","","","","6.957",
"Panama","PAN","Unemployment, total (% of total labor force) (national estimate)","SL.UEM.TOTL.NE.ZS","","","","","","","","","","","7.102","7.601","6.795","6.994","5.798","6.412","6.669","8.729","8.061","8.78","","","8.407","9.707","10.076","12.339","10.527","11.843","16.335","16.305","11.595","16.122","14.669","13.264","14.005","14.012","14.316","13.371","14.023","11.751","13.525","14.708","14.108","13.619","12.441","10.327","9.111","6.783","","5.105","5.832","3.922","3.714","3.732","4.444","4.402","4.843","5.461","5.313","6.409","18.548","10.293","8.281","6.678","8.607","8.306",
"Peru","PER","Unemployment, total (% of total labor force) (national estimate)","SL.UEM.TOTL.NE.ZS","","","","","","","","","","5.9","4.835","4.57","4.4","4.227","4.003","4.916","5.2","5.819","6.503","7.124","6.967","6.773","6.976","9.199","10.5","11.795","5.32","4.781","","7.923","8.6","5.798","9.49","9.87","8.929","7.072","7.07","4.828","4.971","4.367","4.069","4.848","4.84","4.151","4.707","4.866","4.172","4.078","4.025","3.964","3.595","3.477","3.238","3.575","3.208","3.272","3.741","3.691","3.492","3.379","7.179","5.097","4.003","4.569","4.858","4.319",
"Philippines","PHL","Unemployment, total (% of total labor force) (national estimate)","SL.UEM.TOTL.NE.ZS","","","","","","","","","","6.7","","5.279","5.356","4.773","3.206","3.832","4.802","4.474","3.999","3.498","4.753","5.362","5.503","4.892","7.032","6.071","6.43","9.1","8.341","8.421","8.127","8.985","8.64","8.868","8.432","8.36","7.411","7.854","9.378","9.428","11.189","3.698","10.724","3.527","3.554","3.795","4.052","3.434","3.72","3.858","3.605","3.592","3.504","3.497","3.6","3.068","2.695","2.552","2.338","2.237","2.522","3.398","2.598","2.409","2.358","",
"Palau","PLW","Unemployment, total (% of total labor force) (national estimate)","SL.UEM.TOTL.NE.ZS","","","","","","","","","","","","","","","","","","","","","","","","","","","","","","","7.76","","","","","7.027","","","","","3.3","","","","","4.175","","","","","","","","","1.357","","","","","","0.765","","","2.091","","",
"Papua New Guinea","PNG","Unemployment, total (% of total labor force) (national estimate)","SL.UEM.TOTL.NE.ZS","","","","","","","","","","","","","","","","","","","","","","","","","","","","","","","7.7","","","","","","","","","","2.921","","","","","","","","","","2.002","2.624","","","","","","","","","","","2.689","","","",
"Poland","POL","Unemployment, total (% of total labor force) (national estimate)","SL.UEM.TOTL.NE.ZS","","","","","","","","","","","","","","","","","","","","","","","","","","","","","","","6.471","12.327","13.645","14.01","14.435","13.339","12.342","10.964","9.935","12.29","14.928","18.435","20.211","19.899","18.822","17.592","13.794","9.551","7.069","8.131","9.578","9.576","10.031","10.293","8.971","7.475","6.141","4.867","3.835","3.267","3.155","3.268","2.811","2.743","2.807","3.018",
"Pre-demographic dividend","PRE","Unemployment, total (% of total labor force) (national estimate)","SL.UEM.TOTL.NE.ZS","","","","","","","","","","","","","","","","","","","","","","","","","","","","","","","","","","","","","","","","","","","","","","","","","","","","","","","","","","","","","","","","","","",
"Puerto Rico (US)","PRI","Unemployment, total (% of total labor force) (national estimate)","SL.UEM.TOTL.NE.ZS","","","","","","","","","","","","11.524","11.834","11.611","13.126","18.968","19.654","19.041","16.73","15.44","17.031","18.021","19.906","23.526","21.068","21.811","19.532","17.913","15.774","14.619","15.282","17.096","17.012","16.997","14.701","13.925","13.64","13.801","13.456","11.809","10.154","11.475","11.938","11.782","10.306","11.348","11.008","10.927","11.477","15","16.037","15.765","14.498","14.3","13.9","11.947","11.8","10.8","9.2","8.3","15.34","7.9","6","5.9","5.6","5.6",
"Korea, Dem. People's Rep.","PRK","Unemployment, total (% of total labor force) (national estimate)","SL.UEM.TOTL.NE.ZS","","","","","","","","","","","","","","","","","","","","","","","","","","","","","","","","","","","","","","","","","","","","","","","","","","","","","","","","","","","","","","","","","","",
"Portugal","PRT","Unemployment, total (% of total labor force) (national estimate)","SL.UEM.TOTL.NE.ZS","","","","","","","","","","","","","","","1.769","4.55","6.422","7.539","8.081","8.146","7.681","8.341","7.384","7.75","8.949","8.265","8.698","7.377","6.008","5.13","4.645","3.919","3.985","5.301","6.709","7.064","7.298","6.571","4.64","4.579","3.806","3.829","4.497","6.132","6.319","7.582","7.649","7.965","7.553","9.432","10.771","12.715","15.509","16.237","13.88","12.405","11.058","8.878","6.966","6.422","6.85","6.712","6.138","6.498","6.427","6.006",
"Paraguay","PRY","Unemployment, total (% of total labor force) (national estimate)","SL.UEM.TOTL.NE.ZS","","","","","","","","","","","","","","","","","","","","5.694","4.106","","5.612","8.253","7.334","5.132","6.097","5.513","4.72","5.619","5.795","5.1","4.976","5.062","4.405","3.4","8.153","5.356","4.417","5.343","7.607","6.206","9.393","6.814","6.513","4.825","5.277","4.713","4.415","5.46","4.569","4.67","4.085","4.385","5.034","4.556","5.255","5.196","5.419","5.768","6.987","6.713","6.694","5.776","5.545","4.527",
"West Bank and Gaza","PSE","Unemployment, total (% of total labor force) (national estimate)","SL.UEM.TOTL.NE.ZS","","","","","","","","","","","","","","","","","","","","","","","","","","","","","","","","","","","","","","","","","10.625","21.493","27.465","23.004","23.215","20.016","19.014","18.282","22.913","20.452","21.416","17.597","19.202","19.894","20.526","23.005","23.939","25.677","26.256","25.34","25.895","26.39","24.42","","31.436","28.71",
"Pacific island small states","PSS","Unemployment, total (% of total labor force) (national estimate)","SL.UEM.TOTL.NE.ZS","","","","","","","","","","","","","","","","","","","","","","","","","","","","","","","","","","","","","","","","","","","","","","","","","","5.8240732920823","","","","","","","","","","","","","","","","",
"Post-demographic dividend","PST","Unemployment, total (% of total labor force) (national estimate)","SL.UEM.TOTL.NE.ZS","","","","","","","","","","","","","","","","","","","","","","","","","","","","","","","5.73454021864064","6.56813565475034","7.1052409228211","7.62364487120168","7.64791450531902","7.175124533202","7.27917778183066","7.14933031829443","7.2311739747205","7.0383616617923","6.4014148085386","6.309036789403","6.64631179047274","6.76184366933285","6.52078647912563","6.24921332647478","5.92863018910576","5.51100726346917","5.84566140147939","8.06879528719523","8.2965723298406","8.00715225057478","8.06569081457765","7.9610656961239","7.41270166349327","6.83924440053264","6.41169258105215","5.85092236162173","5.29516232582481","4.96857819618699","6.77410944478169","5.83680011492498","4.54893858630096","4.48574375900591","4.6385010164893","4.79465352920816",
"French Polynesia","PYF","Unemployment, total (% of total labor force) (national estimate)","SL.UEM.TOTL.NE.ZS","","","","","","","","","","","","","","","","","","","","","","","","","","","","","9.7","","","","","","","","14.386","","","","","","11.714","","","","","11.738","","","","","21.787","","","","","","","","","","","","","",
"Qatar","QAT","Unemployment, total (% of total labor force) (national estimate)","SL.UEM.TOTL.NE.ZS","","","","","","","","","","","","","","","","","","","","","","","","","","","","","","","","","","","","","","","","","","","","","1.48","","0.872","0.517","0.308","0.313","0.454","0.564","0.481","0.267","0.193","0.163","0.143","0.133","0.104","0.1","0.1","0.1","0.1","","0.103","",
"Romania","ROU","Unemployment, total (% of total labor force) (national estimate)","SL.UEM.TOTL.NE.ZS","","","","","","","","","","","","","","","","","","","","","","","","","","","","","","","","","8.261","","8.17","8.006","6.744","5.515","5.63","6.239","6.969","6.561","8.112","6.95","7.719","7.174","7.27","6.413","5.787","6.859","6.959","7.177","6.794","7.096","6.802","6.812","5.901","4.927","4.187","3.912","5.035","5.59","5.614","5.589","5.43","6.105",
"Russian Federation","RUS","Unemployment, total (% of total labor force) (national estimate)","SL.UEM.TOTL.NE.ZS","","","","","","","","","","","","","","","","","","","","","","","","","","","","","","","","","5.181","5.883","8.13","9.449","9.664","11.813","13.261","13.036","10.581","8.978","7.876","8.232","7.779","7.167","7.162","6.105","6.325","8.458","7.407","6.571","5.484","5.513","5.212","5.615","5.591","5.238","4.871","4.513","5.62","4.749","3.867","3.076","2.43","2.135",
"Rwanda","RWA","Unemployment, total (% of total labor force) (national estimate)","SL.UEM.TOTL.NE.ZS","","","","","","","","","","","","","","","","","","","","","","","","","","","","","","0.8","","0.3","","","","","0.564","","","","","","0.895","","","","","","","","","","3.438","","1.169","","","11.875","10.759","11.236","11.829","15.775","15.084","12.352","11.331","5.363",
"South Asia","SAS","Unemployment, total (% of total labor force) (national estimate)","SL.UEM.TOTL.NE.ZS","","","","","","","","","","","","","","","","","","","","","","","","","","","","","","","","","","","2.38066287597849","","","","","","2.87152831724529","","","","","3.91161482917701","","","","","3.17002046872221","","3.23411911290534","","","","","","7.59582449059332","6.47682958691194","7.81780734350757","6.35756829068924","4.79263045940844","4.08627347785067","4.11693784947259","4.50523674639696",
"Saudi Arabia","SAU","Unemployment, total (% of total labor force) (national estimate)","SL.UEM.TOTL.NE.ZS","","","","","","","","","","","","","","","","","","","","","","","","","","","","","","","","","7.162","","","","","","","4.346","4.57","4.618","5.265","5.563","5.822","6.051","6.254","5.734","5.085","5.377","5.55","","5.622","5.6","5.877","5.6","5.6","5.89","6.029","5.636","7.66","6.621","5.589","4.008","3.518","3.238",
"Sudan","SDN","Unemployment, total (% of total labor force) (national estimate)","SL.UEM.TOTL.NE.ZS","","","","","","","","","","","","","","","","","","","19.4","","","","","13.2","","12.1","13.11","","","","","","","","","","","","","","","","","","","","","","15.566","13","","17.44","","","","","","","","","","","7.53","","","",
"Senegal","SEN","Unemployment, total (% of total labor force) (national estimate)","SL.UEM.TOTL.NE.ZS","","","","","","","","","","","","","","","","","","","","","","","","","","","","","","","","10.307","","","","","","","","","","","5.654","","","","11.1","","","","","2.853","","","","6.757","4.455","4.078","","2.863","","","5.062","4.686","5.775","4.571",
"Singapore","SGP","Unemployment, total (% of total labor force) (national estimate)","SL.UEM.TOTL.NE.ZS","","","","","","","","","","","6.062","4.8","4.7","4.514","3.966","3.906","4.478","3.934","3.566","3.306","3.041","2.793","2.561","3.213","2.687","4.418","6.841","4.995","3.602","2.351","1.955","2.18","3.09","3.07","3.03","3.3","3.57","2.5","3.41","4.85","3.7","3.76","5.65","5.93","5.84","3.4","4.48","3.9","3.96","5.86","4.12","3.89","3.718","3.862","3.743","3.785","4.084","4.163","3.878","3.125","5.231","4.64","3.591","3.444","3.306","3.255",
"Solomon Islands","SLB","Unemployment, total (% of total labor force) (national estimate)","SL.UEM.TOTL.NE.ZS","","","","","","","","","","","","","","","","","","","","","","","","","","","","","","","","","","","","","","","","","","","","","","","","","","2.016","","","","0.694","","","","","","","","","","","","",
"Sierra Leone","SLE","Unemployment, total (% of total labor force) (national estimate)","SL.UEM.TOTL.NE.ZS","","","","","","","","","","","","","","","","","","","","","","","","","","","","","","","","","","","","","","","","","","","","4.295","2.8","","","","","","","","","","4.678","","","","1.646","","","","","","","",
"El Salvador","SLV","Unemployment, total (% of total labor force) (national estimate)","SL.UEM.TOTL.NE.ZS","","","","","","","","","","","","","","","","","","","3.728","6.788","13.339","","","","","16.95","8.632","","9.372","8.352","9.961","7.53","2.895","9.94","7.68","7.65","7.229","7.687","7.138","7.3","6.96","6.96","6.2","6.9","6.8","6.961","6.505","6.406","5.884","7.332","4.893","4.297","3.843","3.693","4.154","3.998","4.418","4.385","4.006","4.17","5.008","4.327","2.993","2.982","2.707","2.925",
"San Marino","SMR","Unemployment, total (% of total labor force) (national estimate)","SL.UEM.TOTL.NE.ZS","","","","","","","","","","","","","","","","","","","","4.442","5.362","3.617","4.568","6.388","6.744","6.9","6.9","6.2","6","5.3","5.5","4.3","4.2","5.1","3.9","3.9","5.1","4.4","4.1","2.216","2.244","2.619","","","2.819","3.227","1.63","2.598","3.14","4.023","4.373","5.057","","","","7.383","6.445","8.464","8.402","8.11","7.912","6.307","4.915","","","",
"Somalia, Fed. Rep.","SOM","Unemployment, total (% of total labor force) (national estimate)","SL.UEM.TOTL.NE.ZS","","","","","","","","","","","","","","","","","","","","","","","","","","","","","","","","","","","","","","","","","","","","","","","","","","","","","","","","","","","","18.828","","","11.086","","","",
"Serbia","SRB","Unemployment, total (% of total labor force) (national estimate)","SL.UEM.TOTL.NE.ZS","","","","","","","","","","","","","","","","","","","","","","","","","","","","","","","","","","","","13.4","13.2","13.8","13.7","13.7","12.6","12.8","13.8","15.2","18.503","20.846","20.851","18.063","13.67","16.116","19.204","22.959","24","22.154","19.223","17.66","15.257","13.477","12.733","10.395","9.011","9.843","8.439","8.268","7.24","7.301",
"Sub-Saharan Africa (excluding high income)","SSA","Unemployment, total (% of total labor force) (national estimate)","SL.UEM.TOTL.NE.ZS","","","","","","","","","","","","","","","","","","","","","","","","","","","","","","","","","","","","","","","","","","","","","","","","","","","","","","","","","","","","","","","","","","",
"South Sudan","SSD","Unemployment, total (% of total labor force) (national estimate)","SL.UEM.TOTL.NE.ZS","","","","","","","","","","","","","","","","","","","","","","","","","","","","","","","","","","","","","","","","","","","","","","","","","12.298","","","","","","","","","","","","","","","","","",
"Sub-Saharan Africa","SSF","Unemployment, total (% of total labor force) (national estimate)","SL.UEM.TOTL.NE.ZS","","","","","","","","","","","","","","","","","","","","","","","","","","","","","","","","","","","","","","","","","","","","","","","","","","","","","","","","","","","","","","","","","","",
"Small states","SST","Unemployment, total (% of total labor force) (national estimate)","SL.UEM.TOTL.NE.ZS","","","","","","","","","","","","","","","","","","","","","","","","","","","","","","","","","","","","","","","","","","","","","","","","","","","","","","","","","","","","","","","","","","",
"Sao Tome and Principe","STP","Unemployment, total (% of total labor force) (national estimate)","SL.UEM.TOTL.NE.ZS","","","","","","","","","","","","","","","","","","","","0.61","0.57","0.7","0.56","0.48","0.34","","","","","","","","","","","","","","","","14.4","15.734","17.625","16.361","16.118","16.471","16.65","","","","","","13.594","","","","","7.956","","","","","","","","",
"Suriname","SUR","Unemployment, total (% of total labor force) (national estimate)","SL.UEM.TOTL.NE.ZS","","","","","","","","","","","","","","","","","","","","","","","","","","","16.372","19.528","","15.512","15.655","","17.279","15.64","12.63","8.39","11.017","10.564","10.626","13.754","","","","","9.487","","","","","8.711","7.154","7.545","8.1","6.602","6.945","7.222","7.917","","","","","","","","","",
"Slovak Republic","SVK","Unemployment, total (% of total labor force) (national estimate)","SL.UEM.TOTL.NE.ZS","","","","","","","","","","","","","","","","","","","","","","","","","","","","","","","","","","12.2","13.656","13.113","11.329","11.875","12.421","16.099","18.546","19.148","18.541","17.549","18.206","16.276","13.395","11.16","9.514","12.023","14.387","13.634","13.966","14.226","11.536","11.492","9.679","8.142","6.544","5.761","6.719","6.894","6.143","5.843","5.335","5.418",
"Slovenia","SVN","Unemployment, total (% of total labor force) (national estimate)","SL.UEM.TOTL.NE.ZS","","","","","","","","","","","","","","","","","","","","","","","","","","","","","","","","7.08","","9.1","9.101","7.361","6.879","6.648","7.39","7.324","6.918","5.682","5.922","6.479","6.012","6.506","5.95","4.818","4.371","5.858","7.236","8.166","8.841","10.103","9.668","8.962","8","6.564","5.108","4.446","4.971","4.744","4.011","3.652","3.697","3.876",
"Sweden","SWE","Unemployment, total (% of total labor force) (national estimate)","SL.UEM.TOTL.NE.ZS","","","","","","","","","","1.894","1.508","2.55","2.696","2.464","1.979","1.674","1.614","","","","1.968","","3.167","3.452","3.097","2.826","2.228","2.149","","1.48","1.806","3.256","5.832","9.482","9.784","8.897","9.547","10.359","8.941","7.607","5.466","4.73","4.965","5.555","6.693","7.81","7.066","6.161","6.235","8.351","8.61","7.804","7.976","8.052","7.954","7.432","6.99","6.718","6.365","6.833","8.291","8.803","7.417","7.611","8.306","8.74",
"Eswatini","SWZ","Unemployment, total (% of total labor force) (national estimate)","SL.UEM.TOTL.NE.ZS","","","","","","","","","","","","","","","","","","","","","","","","","","","","","","","","","","","","21.651","","22.5","","","","","","","","","","28.242","","","","","","","","","22.718","","","","","33.762","","34.264","","",
"Sint Maarten (Dutch part)","SXM","Unemployment, total (% of total labor force) (national estimate)","SL.UEM.TOTL.NE.ZS","","","","","","","","","","","","","","","","","","","","","","","","","","","","","","","","","","","","","","","","","","","","","","","","","","","","","","","","","","","","","","","","","","",
"Seychelles","SYC","Unemployment, total (% of total labor force) (national estimate)","SL.UEM.TOTL.NE.ZS","","","","","","","","","","","","","","","","","","","","","","","","","","","","","","","","","","","10.351","","","","","","","","9.806","","","5.5","","","","","","4.114","","","3.841","4.151","3.965","3.715","3.528","2.966","4.311","","","2.934","2.593","2.58",
"Syrian Arab Republic","SYR","Unemployment, total (% of total labor force) (national estimate)","SL.UEM.TOTL.NE.ZS","","","","","","","","","","4.3","6.4","7.5","4.7","4.5","5.1","4.812","6.2","5","4.5","3.8","","","","4.236","4.7","","","","","5.778","","6.75","","7.4","7.5","7.2","","0","","7.6","","11.626","11.682","10.279","","","8.168","8.422","10.94","8.141","8.613","14.896","","","","","","","","","","","","","","",
"Turks and Caicos Islands","TCA","Unemployment, total (% of total labor force) (national estimate)","SL.UEM.TOTL.NE.ZS","","","","","","","","","","","","","","","","","","","","","","","","","","","","","","","","","","","","","","","","","","9.712","6.182","7.766","9.858","8.035","7.447","5.427","8.299","","","","","","","","","","","","","","","","","",
"Chad","TCD","Unemployment, total (% of total labor force) (national estimate)","SL.UEM.TOTL.NE.ZS","","","","","","","","","","","","","","","","","","","","","","","","","","","","","","","","","","0.7","","","","","","","","","","","","","","","","","","","","","","","","","1.135","","","","3.109","","","",
"East Asia & Pacific (IDA & IBRD countries)","TEA","Unemployment, total (% of total labor force) (national estimate)","SL.UEM.TOTL.NE.ZS","","","","","","","","","","","","","","","","","","","","","","","","","","","","","","","2.48204976281785","1.38141728107352","1.39726189585343","1.4591457744637","1.61200172672482","1.42405868083808","1.7828021276018","1.97685642567234","2.70170627068301","2.69435292986972","4.08091615379248","2.17139943384571","2.54599090640432","2.23144791335796","2.18401674681502","2.66784759284549","2.48013493673777","2.38946178055071","2.59221211717952","2.63574081094306","3.05652886606384","2.87871320424786","2.82592129344282","2.92113203714442","3.01371176615882","3.17563972810762","3.59550725006152","3.44010396647532","4.29576429272136","4.33671121711751","4.81908679593954","4.5486026424833","4.01587461199531","","","",
"Europe & Central Asia (IDA & IBRD countries)","TEC","Unemployment, total (% of total labor force) (national estimate)","SL.UEM.TOTL.NE.ZS","","","","","","","","","","","","","","","","","","","","","","","","","","","","","","","","","6.3857881885471","7.45091027033508","8.44716911462682","8.52384027475176","8.91273110767008","9.87697159466972","10.7058120662198","11.7886648698489","10.0765649263507","10.0881416495505","9.631522484483","9.54906229905001","9.26773935510535","8.59236434681613","8.28750201315182","7.67214412047666","7.37534822731861","9.29800252668087","8.62519869439795","8.06289584628456","7.56732793760087","7.61725466270156","7.66315926480364","7.52956235391352","7.50851611428948","7.10429056574582","6.9518608542437","7.02807593884589","7.15506606705108","6.91093010173051","5.6561216607501","5.03265095573435","4.51963243535509","4.3089776646725",
"Togo","TGO","Unemployment, total (% of total labor force) (national estimate)","SL.UEM.TOTL.NE.ZS","","","","","","","","","","","","","","","","","","","","","","","","","","","","","","","","","","","","","","","","","","","","","","","4.229","","","","10.624","1.982","","","","2.204","","3.744","","2.036","","","1.965","","","",
"Thailand","THA","Unemployment, total (% of total labor force) (national estimate)","SL.UEM.TOTL.NE.ZS","","","","","","","","","","","","0.192","0.515","0.427","0.469","0.453","0.6","0.92","0.767","0.933","0.941","1.263","2.667","2.9","2.9","3.705","3.502","5.774","3.04","1.388","2.209","2.63","1.35","1.49","1.347","1.1","1.071","0.873","3.404","2.968","2.389","2.599","","1.54","1.512","1.346","1.22","1.176","1.176","1.489","0.622","0.662","0.579","0.249","0.576","0.597","0.688","0.83","0.765","0.716","1.099","1.215","0.94","0.733","0.781","0.604",
"Tajikistan","TJK","Unemployment, total (% of total labor force) (national estimate)","SL.UEM.TOTL.NE.ZS","","","","","","","","","","","","","","","","","","","","","","","","","","","","","","","","","0.4","1.2","1.7","2","2.6","2.7","3.2","3","2.7","2.3","2.5","3.85","7.398","1.964","2.197","2.317","2.436","11.498","","","","","","","0.081","","","","","","","","","",
"Turkmenistan","TKM","Unemployment, total (% of total labor force) (national estimate)","SL.UEM.TOTL.NE.ZS","","","","","","","","","","","","","","","","","","","","","","","","","","","","","","","","","","","","","","","","25.206","","","","","","","","","","","4","","","","","","","","","","","","","","","",
"Latin America & the Caribbean (IDA & IBRD countries)","TLA","Unemployment, total (% of total labor force) (national estimate)","SL.UEM.TOTL.NE.ZS","","","","","","","","","","","","","","","","","","","","","","","","","","","","","","","6.1408301420039","","7.56595419488279","6.43678992445684","","8.26743164437554","8.72798777316732","8.33840372541394","8.91811793001875","9.68128733704228","","9.16866009082507","9.67870433764245","9.75799383725058","8.57772288592543","8.44402948507544","7.30575023042668","7.34691398112586","6.74422958819713","7.74685646367292","","6.6198169081195","6.42647242750485","6.19810349975484","6.02787841624279","6.53074314704016","7.67871674894888","8.02480245369564","8.04747827083016","8.10840565826174","10.4643042283224","9.24259692338246","6.91008006976786","6.12230560739066","5.74415658155958","5.22219932972457",
"Timor-Leste","TLS","Unemployment, total (% of total labor force) (national estimate)","SL.UEM.TOTL.NE.ZS","","","","","","","","","","","","","","","","","","","","","","","","","","","","","","","","","","","","","","","","","","5.235","","","","","","5.646","","","3.301","","","4.05","","3.678","4.657","","","","","2.344","1.537","","","",
"Middle East, North Africa, Afghanistan & Pakistan (IDA & IBRD)","TMN","Unemployment, total (% of total labor force) (national estimate)","SL.UEM.TOTL.NE.ZS","","","","","","","","","","","","","","","","","","","","","","","","","","","","","","","","9.98798348058264","","9.69297392680866","10.1548362474727","11.5189572792708","8.08771779170467","9.5721676901519","","","","10.5632830644874","11.3055241648952","10.6212441090228","10.1581959538698","10.255774798439","7.18895200433386","6.85274953472287","6.35254912409669","6.64155095539069","6.9581277089044","7.31538509376399","8.20117199025611","7.77219776031806","7.7610154906283","8.18946996039061","7.92558784849551","","","7.39159249584192","8.1187692536446","8.18544085362322","","","","",
"Tonga","TON","Unemployment, total (% of total labor force) (national estimate)","SL.UEM.TOTL.NE.ZS","","","","","","","","","","","","","","","","","","","","","","","","","0.108","","","","","","4.161","","","1.3","","","","","","","","","","5.182","","","1.087","","","","","","","","","","1.054","","2.248","","","2.111","","1.652","","",
"South Asia (IDA & IBRD)","TSA","Unemployment, total (% of total labor force) (national estimate)","SL.UEM.TOTL.NE.ZS","","","","","","","","","","","","","","","","","","","","","","","","","","","","","","","","","","","2.38066287597849","","","","","","2.87152831724529","","","","","3.91161482917701","","","","","3.17002046872221","","3.23411911290534","","","","","","7.59582449059332","6.47682958691194","7.81780734350757","6.35756829068924","4.79263045940844","4.08627347785067","4.11693784947259","4.50523674639696",
"Sub-Saharan Africa (IDA & IBRD countries)","TSS","Unemployment, total (% of total labor force) (national estimate)","SL.UEM.TOTL.NE.ZS","","","","","","","","","","","","","","","","","","","","","","","","","","","","","","","","","","","","","","","","","","","","","","","","","","","","","","","","","","","","","","","","","","",
"Trinidad and Tobago","TTO","Unemployment, total (% of total labor force) (national estimate)","SL.UEM.TOTL.NE.ZS","","","","","","","","","","13.165","12.761","9.719","","15.399","15.242","14.991","","13.445","12.027","11.871","9.854","10.524","9.91","11.131","13.319","15.659","17.214","22.262","22.01","22.038","20.017","18.516","19.64","19.81","18.414","17.217","16.252","15.009","14.212","13.117","12.096","","10.389","","","7.951","6.268","5.544","4.627","5.28","4.033","3.425","3.718","2.683","2.477","2.428","3.207","","","3.523","4.206","4.446","4.383","3.361","4.006","",
"Tunisia","TUN","Unemployment, total (% of total labor force) (national estimate)","SL.UEM.TOTL.NE.ZS","","","","","","","","","","","","","","","","","","","","","","","","","","","","","","15.3","","","","","16.295","","","15.942","","15.205","14.94","14.402","14.547","14.514","14.237","12.872","12.51","12.365","12.444","13.29","13.049","18.334","17.63","15.934","14.259","15.159","15.557","15.33","15.459","17.153","","6.492","15.3","15.106","","",
"Turkiye","TUR","Unemployment, total (% of total labor force) (national estimate)","SL.UEM.TOTL.NE.ZS","","","","","","","","","","","","","","","","","","","","","","","10.932","12.058","11.921","11.208","","","8.038","8.256","8.015","8.113","8.184","8.255","8.149","7.241","6.265","6.452","6.552","7.445","6.488","8.373","10.345","10.546","10.831","10.634","10.233","10.281","10.97","14.024","11.881","9.784","9.21","9.717","9.912","10.302","10.905","10.916","10.958","13.731","13.155","11.979","10.432","9.354","8.711","8.348",
"Tuvalu","TUV","Unemployment, total (% of total labor force) (national estimate)","SL.UEM.TOTL.NE.ZS","","","","","","","","","","","","","","","","","","","","","","","","","","","","","","","","","","","","","","","","","","","6.526","","","","","","","","5.525","","","","","","8.489","26.553","","","","","7.318","","","",
"Tanzania","TZA","Unemployment, total (% of total labor force) (national estimate)","SL.UEM.TOTL.NE.ZS","","","","","","","","","","","","","","","","","","","","","","","","","","","","","","","","3.6","","","","","","","","","","2.994","3.6","","","","3.299","","0.343","2.5","1.314","3.474","1.437","2.935","2.125","","","","","","1.792","","","","2.431","2.776",
"Uganda","UGA","Unemployment, total (% of total labor force) (national estimate)","SL.UEM.TOTL.NE.ZS","","","","","","","","","","","","","","","","","","","","","","","","","","","","","","","","","","","","","","","","","","","3.5","3.602","","1.9","","","","3.6","1.401","0.881","3.551","1.914","1.566","","","3.428","","2.563","","3.416","","","","",
"Ukraine","UKR","Unemployment, total (% of total labor force) (national estimate)","SL.UEM.TOTL.NE.ZS","","","","","","","","","","","","","","","","","","","","","","","","","","","","","","","","","","","","5.62","7.65","8.93","11.32","11.587","11.633","10.947","9.629","9.057","8.59","7.18","6.81","6.351","6.363","8.84","8.1","7.856","7.529","7.17","9.27","9.14","9.35","9.5","8.799","8.194","9.475","9.834","","","","",
"Upper middle income","UMC","Unemployment, total (% of total labor force) (national estimate)","SL.UEM.TOTL.NE.ZS","","","","","","","","","","","","","","","","","","","","","","","","","","","","","","","3.22761247529538","2.38160911648669","2.7431547077844","2.71024591806776","2.88822001705938","3.95966184733708","3.37571551907936","4.02025549980142","4.40962820131639","4.68594918762136","5.50523954642366","4.40985417329795","4.88276257682656","4.40443012979498","4.25436765625608","4.65634286324357","4.30143594736882","4.19018182368783","4.2094759924644","4.52664694981974","4.4414924290819","4.42326182483766","4.36774539186576","4.36298616587285","4.44990839382917","4.70606455609453","5.30595054743556","5.36885230463362","5.84867963143957","5.98569778783382","6.65226371002623","6.36410975213873","5.36714182295411","","","",
"Uruguay","URY","Unemployment, total (% of total labor force) (national estimate)","SL.UEM.TOTL.NE.ZS","","","","","","","","","","","7.5","7.6","7.7","8.9","8.1","","","","","","7.3","6.6","11.7","","13.48","","10.672","8.559","8.327","7.982","8.511","8.957","8.957","8.35","9.185","10.235","11.927","11.444","9.362","10.466","12.627","15.052","16.648","16.661","12.98","12.009","10.844","9.403","8.025","7.74","7.158","6.307","6.451","6.444","6.547","7.488","7.841","7.89","8.336","8.836","10.413","9.328","7.877","8.355","8.209","7.339",
"United States","USA","Unemployment, total (% of total labor force) (national estimate)","SL.UEM.TOTL.NE.ZS","5.5","6.7","5.5","5.7","5.2","4.5","3.8","3.8","3.6","3.5","4.9","5.9","5.6","4.9","5.6","8.5","7.7","7.1","6.1","5.8","7.1","7.6","9.7","9.6","7.5","7.2","7","6.2","5.5","5.3","5.6","6.8","7.5","6.9","6.119","5.65","5.451","5","4.511","4.219","3.992","4.731","5.783","5.989","5.529","5.084","4.623","4.622","5.784","9.254","9.633","8.949","8.069","7.375","6.168","5.28","4.869","4.355","3.896","3.669","8.055","5.349","3.65","3.638","4.022","4.282",
"Uzbekistan","UZB","Unemployment, total (% of total labor force) (national estimate)","SL.UEM.TOTL.NE.ZS","","","","","","","","","","","","","","","","","","","","","","","","","","","","","","","","","0.2","0.4","0.4","0.4","","","","","0.4","0.4","0.4","0.002","0.005","0.3","0.2","4.99","4.89","5","5.4","5","4.9","4.9","5.1","5.2","5.2","5.8","9.3","9","5.293","","","","","",
"St. Vincent and the Grenadines","VCT","Unemployment, total (% of total labor force) (national estimate)","SL.UEM.TOTL.NE.ZS","","","","","","","","","","","","","","","","","","","","","23.5","","","","","","","","","","","19.767","","","","","","","","","","21.147","","","","","","","18.792","","","","","","","","","","","","","","","","","",
"Venezuela, RB","VEN","Unemployment, total (% of total labor force) (national estimate)","SL.UEM.TOTL.NE.ZS","","","","","","","","","","","","","","","","7.013","6.343","5.107","4.981","5.814","5.893","6.999","8.055","11.486","12.856","13.158","10.928","9.1","7.276","9.742","13.963","","","","8.56","10.236","","","","","","8.83","16.171","16.779","","10.663","8.606","7.279","6.245","6.097","7.112","6.902","6.601","","","","5.319","5.045","","","7.526","","","","","",
"British Virgin Islands","VGB","Unemployment, total (% of total labor force) (national estimate)","SL.UEM.TOTL.NE.ZS","","","","","","","","","","","","","","","","","","","","","","","","","","","","","","","","3.291","","","","","","","","","","","","","","","","","","","","","","","","","","","","","","","","","","",
"Virgin Islands (U.S.)","VIR","Unemployment, total (% of total labor force) (national estimate)","SL.UEM.TOTL.NE.ZS","","","","","","","","","","","","","","","","","","","","","","","","","","","","","","","","","","","","","","","","","","","","","","","","","","","","","","","","","","","","","","","","","","",
"Viet Nam","VNM","Unemployment, total (% of total labor force) (national estimate)","SL.UEM.TOTL.NE.ZS","","","","","","","","","","","","","","","","","","","","","","","","","","","","","","","","","","","","","1.93","2.868","2.29","2.329","2.256","2.761","2.123","2.253","2.142","","","2.026","","1.737","1.114","0.999","1.027","1.316","1.256","1.848","1.848","1.874","1.161","1.681","2.103","2.383","1.57","1.645","1.529","",
"Vanuatu","VUT","Unemployment, total (% of total labor force) (national estimate)","SL.UEM.TOTL.NE.ZS","","","","","","","","","","","","","","","","","","","","","","","","","","","","","","","","","","","","","","","","","","","","","","","8.006","","","4.565","1.848","","","","","","","","","5.444","4.046","","","","","1.412",
"World","WLD","Unemployment, total (% of total labor force) (national estimate)","SL.UEM.TOTL.NE.ZS","","","","","","","","","","","","","","","","","","","","","","","","","","","","","","","","","","","4.44239477295929","","4.90995697548394","","","5.82104379805544","5.46474199941114","5.37082217114415","","5.54133870200259","","5.21488599084366","4.95851354641425","4.73620262563344","","5.61536697733883","5.14563197307876","5.40092750811319","5.08130594840519","5.27321056747177","5.24679763842838","5.29007572529697","5.53894606131214","5.57477237475399","5.96482876493804","5.69736051304206","6.72819858552599","6.19336938600857","5.08409139190666","","","",
"Samoa","WSM","Unemployment, total (% of total labor force) (national estimate)","SL.UEM.TOTL.NE.ZS","","","","","","","","","","","","","","","","","60.24","","","","","","","","","","","","","","","2.1","","","","","","","","","","4.96","","","","","1.294","","","","","5.677","8.752","","","","","9.4","1.045","","","","5.048","","","",
"Kosovo","XKX","Unemployment, total (% of total labor force) (national estimate)","SL.UEM.TOTL.NE.ZS","","","","","","","","","","","","","","","","","","","","","","","","","","","","","","","","","","","","","","","","","11.629","57","55","49.7","39.7","41.4","44.9","46.3","47.5","45.4","","","30.879","29.767","35.264","32.84","27.491","30.344","27.761","25.069","25.459","20.392","12.093","10.533","10.834","",
"Yemen, Rep.","YEM","Unemployment, total (% of total labor force) (national estimate)","SL.UEM.TOTL.NE.ZS","","","","","","","","","","","","","","","","","","57.799","55.449","54.591","55.039","52.42","52.143","53.917","56.707","","","","","","","","","","8.338","","","","","11.464","","","","","16.233","16.05","15.701","15.333","14.971","14.627","17.821","","","","13.467","","","","","","","","","","","",
"South Africa","ZAF","Unemployment, total (% of total labor force) (national estimate)","SL.UEM.TOTL.NE.ZS","","","","","","","","","","","","","","","","","","","","","","","","","","","","","","","","","","","","43.794","","35.113","25.002","25.369","29.88","30.688","33.291","32.31","29.453","29.122","28.342","26.54","22.407","23.523","24.683","24.639","24.727","24.561","24.89","25.149","26.536","27.035","26.906","28.468","29.217","34.007","33.268","32.098","32.279","",
"Zambia","ZMB","Unemployment, total (% of total labor force) (national estimate)","SL.UEM.TOTL.NE.ZS","","","","","","","","","","","","","","","","","","","","","","","","","","","13","","","","14.999","19.398","","19.697","","","15.3","","12","","12.931","","","","","15.9","","","7.934","","13.186","","7.855","","","11.888","","4.529","5.032","5.538","6.032","5.197","5.993","5.861","5.67","",
"Zimbabwe","ZWE","Unemployment, total (% of total labor force) (national estimate)","SL.UEM.TOTL.NE.ZS","","","","","","","","","","","","","","","","","","","","","","","10.8","","","","","7.182","","","","","","","4.96","","","6.935","","6","","","","","4.394","","","","","","","5.368","11.069","","4.774","","","","","7.373","","9.459","10.001","9.29","12.13","9.164",
