"Data Source","World Development Indicators",

"Last Updated Date","2026-10-08",

"Country Name","Country Code","Indicator Name","Indicator Code","1960","1961","1962","1963","1964","1965","1966","1967","1968","1969","1970","1971","1972","1973","1974","1975","1976","1977","1978","1979","1980","1981","1982","1983","1984","1985","1986","1987","1988","1989","1990","1991","1992","1993","1994","1995","1996","1997","1998","1999","2000","2001","2002","2003","2004","2005","2006","2007","2008","2009","2010","2011","2012","2013","2014","2015","2016","2017","2018","2019","2020","2021","2022","2023","2024","2025",
"Aruba","ABW","Mortality caused by road traffic injury (per 100,000 population)","SH.STA.TRAF.P5","","","","","","","","","","","","","","","","","","","","","","","","","","","","","","","","","","","","","","","","","","","","","","","","","","","","","","","","","","","","","","","","","","",
"Africa Eastern and Southern","AFE","Mortality caused by road traffic injury (per 100,000 population)","SH.STA.TRAF.P5","","","","","","","","","","","","","","","","","","","","","","","","","","","","","","","","","","","","","","","","","31.2321876597267","30.4621184420636","30.7690812034709","30.9812947803023","30.4929462244757","30.0486566721352","29.9609382280774","28.831724864445","28.4388239085732","28.6013036193898","28.4534600660578","28.2691458025243","28.3541333385951","27.913625345315","28.2814396900927","28.5400336032912","28.9726844694772","28.9444487730229","28.9692820117498","29.4060097293648","","","","","","",
"Afghanistan","AFG","Mortality caused by road traffic injury (per 100,000 population)","SH.STA.TRAF.P5","","","","","","","","","","","","","","","","","","","","","","","","","","","","","","","","","","","","","","","","","14.7","15.1","14.9","15","15.2","15.2","15.1","15","15","14.4","14.4","14.2","13.8","14","14.1","14.4","14.8","15.1","14.2","15.9","","","","","","",
"Africa Western and Central","AFW","Mortality caused by road traffic injury (per 100,000 population)","SH.STA.TRAF.P5","","","","","","","","","","","","","","","","","","","","","","","","","","","","","","","","","","","","","","","","","28.1870504409727","28.3154149713578","28.4201915489673","27.9202755622952","27.4941259434548","27.2000467438647","26.7880156740491","26.4703777630031","26.1182537710251","26.2229057984871","26.1948829957735","24.9521441809843","24.3975864860342","24.3718648097599","24.3836902396334","24.2908346175974","24.4189782281251","24.4004378539894","24.4547459726451","24.5240409412402","","","","","","",
"Angola","AGO","Mortality caused by road traffic injury (per 100,000 population)","SH.STA.TRAF.P5","","","","","","","","","","","","","","","","","","","","","","","","","","","","","","","","","","","","","","","","","25.1","25.2","25.4","25.3","25.9","26.1","24.6","25.5","25","27.3","25.8","25.4","23.2","22.4","23.2","23.6","24.7","25.5","26","26.1","","","","","","",
"Albania","ALB","Mortality caused by road traffic injury (per 100,000 population)","SH.STA.TRAF.P5","","","","","","","","","","","","","","","","","","","","","","","","","","","","","","","","","","","","","","","","","14.3","14.5","14.5","14.7","14.7","14.9","14.9","14.8","14.5","14.4","14.1","14.3","13.8","13.9","13.6","13.8","13.8","11.4","11","11.7","","","","","","",
"Andorra","AND","Mortality caused by road traffic injury (per 100,000 population)","SH.STA.TRAF.P5","","","","","","","","","","","","","","","","","","","","","","","","","","","","","","","","","","","","","","","","","","","","","","","","","","","","","","7.6","","","","","","","","","","","","",
"Arab World","ARB","Mortality caused by road traffic injury (per 100,000 population)","SH.STA.TRAF.P5","","","","","","","","","","","","","","","","","","","","","","","","","","","","","","","","","","","","","","","","","19.6113587067034","19.4063519799137","19.7125944884924","20.1971711126657","19.990330655836","20.0058503986064","20.0003633590386","20.5273635375612","20.7592882634206","20.5529408359356","20.6166489551727","20.0913248464003","19.238879692456","19.0973612437855","20.0202374987821","20.1280915074652","19.8977029324913","19.7128201678417","20.0360303082844","20.0536440645893","","","","","","",
"United Arab Emirates","ARE","Mortality caused by road traffic injury (per 100,000 population)","SH.STA.TRAF.P5","","","","","","","","","","","","","","","","","","","","","","","","","","","","","","","","","","","","","","","","","16","15.8","22.4","24.2","20.9","18.7","17.2","17.7","18","19","19.4","19.1","17.9","17.6","17.8","18.1","17.9","13.3","11.3","8.9","","","","","","",
"Argentina","ARG","Mortality caused by road traffic injury (per 100,000 population)","SH.STA.TRAF.P5","","","","","","","","","","","","","","","","","","","","","","","","","","","","","","","","","","","","","","","","","11.5","11.6","9.8","9.4","10.6","11.6","13.1","14.1","14.8","13.3","12.8","13.9","13.1","14.3","13.4","13.9","14.1","14","13.6","14.1","","","","","","",
"Armenia","ARM","Mortality caused by road traffic injury (per 100,000 population)","SH.STA.TRAF.P5","","","","","","","","","","","","","","","","","","","","","","","","","","","","","","","","","","","","","","","","","19.6","19.5","19.1","18.5","18.5","18.3","17.8","17.6","17.3","17.9","18","17.7","17","16.8","16.7","16.7","15.7","16.4","20.4","20","","","","","","",
"American Samoa","ASM","Mortality caused by road traffic injury (per 100,000 population)","SH.STA.TRAF.P5","","","","","","","","","","","","","","","","","","","","","","","","","","","","","","","","","","","","","","","","","","","","","","","","","","","","","","","","","","","","","","","","","","",
"Antigua and Barbuda","ATG","Mortality caused by road traffic injury (per 100,000 population)","SH.STA.TRAF.P5","","","","","","","","","","","","","","","","","","","","","","","","","","","","","","","","","","","","","","","","","9.2","13","2.6","10.1","2.5","0","2.4","7.2","11.2","6.3","5.4","8.8","0.7","1.7","0.6","0","0","0","0","0","","","","","","",
"Australia","AUS","Mortality caused by road traffic injury (per 100,000 population)","SH.STA.TRAF.P5","","","","","","","","","","","","","","","","","","","","","","","","","","","","","","","","","","","","","","","","","9.9","9.3","9.1","8.5","8.2","8.3","8","7.9","7.1","7.1","6.5","5.9","5.8","5.3","5.4","5.2","5.6","5.2","4.8","4.9","","","","","","",
"Austria","AUT","Mortality caused by road traffic injury (per 100,000 population)","SH.STA.TRAF.P5","","","","","","","","","","","","","","","","","","","","","","","","","","","","","","","","","","","","","","","","","12.5","12.2","12.1","11.7","11","9.6","9.1","8.6","8.4","7.8","6.8","6.4","6.4","5.5","5.1","5.7","5.2","4.9","4.8","4.9","","","","","","",
"Azerbaijan","AZE","Mortality caused by road traffic injury (per 100,000 population)","SH.STA.TRAF.P5","","","","","","","","","","","","","","","","","","","","","","","","","","","","","","","","","","","","","","","","","8.2","10","10.1","14.5","10.7","13.9","13.2","13.7","13.3","11.6","11.4","12.4","14","13.8","13.2","10.3","8.7","8.5","8.1","6.7","","","","","","",
"Burundi","BDI","Mortality caused by road traffic injury (per 100,000 population)","SH.STA.TRAF.P5","","","","","","","","","","","","","","","","","","","","","","","","","","","","","","","","","","","","","","","","","30.3","30.2","29.3","29.8","29.7","29.9","33.1","33.4","33","33","33.2","33","33.8","33.8","33.6","34.4","34.8","34.9","35.2","35.5","","","","","","",
"Belgium","BEL","Mortality caused by road traffic injury (per 100,000 population)","SH.STA.TRAF.P5","","","","","","","","","","","","","","","","","","","","","","","","","","","","","","","","","","","","","","","","","16.7","15.8","13.9","12","11.4","10.9","10.5","10.8","9.4","9.4","8.1","8.2","7.2","7","6.7","6.7","5.8","5.5","5.4","5.8","","","","","","",
"Benin","BEN","Mortality caused by road traffic injury (per 100,000 population)","SH.STA.TRAF.P5","","","","","","","","","","","","","","","","","","","","","","","","","","","","","","","","","","","","","","","","","28.4","28.5","28.7","28.2","28","28.9","28.1","27.6","27.6","27.9","28.2","28.1","27.4","27","27","27.3","27.5","27","26.9","26.8","","","","","","",
"Burkina Faso","BFA","Mortality caused by road traffic injury (per 100,000 population)","SH.STA.TRAF.P5","","","","","","","","","","","","","","","","","","","","","","","","","","","","","","","","","","","","","","","","","27.6","27.7","28","28.4","29.1","29.2","29.4","29.6","29.7","29.4","30.2","30","29.6","29.8","30.2","30.4","30.5","30.7","30.8","31","","","","","","",
"Bangladesh","BGD","Mortality caused by road traffic injury (per 100,000 population)","SH.STA.TRAF.P5","","","","","","","","","","","","","","","","","","","","","","","","","","","","","","","","","","","","","","","","","10.8","12","13.5","14.9","16.4","17.6","17.6","16.9","16.9","16.9","16.9","16.8","15.9","15.9","15.9","15.8","15.8","15.6","15.5","15.3","","","","","","",
"Bulgaria","BGR","Mortality caused by road traffic injury (per 100,000 population)","SH.STA.TRAF.P5","","","","","","","","","","","","","","","","","","","","","","","","","","","","","","","","","","","","","","","","","13","13.2","12.6","12.7","12.5","12.8","14.1","14.3","14.5","12.4","10.8","9.2","8.5","8.5","9.4","10.1","10.2","9.9","8.9","9.2","","","","","","",
"Bahrain","BHR","Mortality caused by road traffic injury (per 100,000 population)","SH.STA.TRAF.P5","","","","","","","","","","","","","","","","","","","","","","","","","","","","","","","","","","","","","","","","","12","17.3","18.9","16.1","15.7","15.6","21.8","15.8","13.5","13.5","10.8","9.7","9.5","9.7","7.3","7.5","6.9","6.2","5.7","5.2","","","","","","",
"Bahamas, The","BHS","Mortality caused by road traffic injury (per 100,000 population)","SH.STA.TRAF.P5","","","","","","","","","","","","","","","","","","","","","","","","","","","","","","","","","","","","","","","","","25.6","20.9","17.7","13.1","16","20.9","14.8","15.7","14.5","16.3","12.7","13.1","13","14.1","8.1","8.3","8.2","8.7","8.2","7.7","","","","","","",
"Bosnia and Herzegovina","BIH","Mortality caused by road traffic injury (per 100,000 population)","SH.STA.TRAF.P5","","","","","","","","","","","","","","","","","","","","","","","","","","","","","","","","","","","","","","","","","19","18.9","18.5","18.4","18.1","17.8","17.6","17.5","17.1","17.1","16.9","14.9","15.6","15.4","15.5","15.8","16.3","15.6","14.2","13.5","","","","","","",
"Belarus","BLR","Mortality caused by road traffic injury (per 100,000 population)","SH.STA.TRAF.P5","","","","","","","","","","","","","","","","","","","","","","","","","","","","","","","","","","","","","","","","","17.8","17.7","26.1","26.7","23","22.1","22.1","23.5","23.9","19.5","21.9","18.6","15.8","13.6","11.5","10.1","8.9","8.9","8.3","7.6","","","","","","",
"Belize","BLZ","Mortality caused by road traffic injury (per 100,000 population)","SH.STA.TRAF.P5","","","","","","","","","","","","","","","","","","","","","","","","","","","","","","","","","","","","","","","","","29.5","37.5","36.1","31.5","23.5","35.9","28.8","32.4","33.8","16.8","14","18.2","21.3","21.7","24.3","25.5","28.2","19.4","22.5","22.6","","","","","","",
"Bermuda","BMU","Mortality caused by road traffic injury (per 100,000 population)","SH.STA.TRAF.P5","","","","","","","","","","","","","","","","","","","","","","","","","","","","","","","","","","","","","","","","","","","","","","","","","","","","","","","","","","","","","","","","","","",
"Bolivia","BOL","Mortality caused by road traffic injury (per 100,000 population)","SH.STA.TRAF.P5","","","","","","","","","","","","","","","","","","","","","","","","","","","","","","","","","","","","","","","","","14.5","14.8","15.2","15.1","15.1","15.2","20.9","15","17.2","16.6","17.3","17.5","23","23.5","19.9","18.8","15.3","20.3","20.7","21.1","","","","","","",
"Brazil","BRA","Mortality caused by road traffic injury (per 100,000 population)","SH.STA.TRAF.P5","","","","","","","","","","","","","","","","","","","","","","","","","","","","","","","","","","","","","","","","","19.7","20.1","21.2","21","22.2","22.4","21.8","22.5","22.6","22.2","24.3","24.5","24.8","23.1","23.6","20.8","19.9","18.7","17.1","16","","","","","","",
"Barbados","BRB","Mortality caused by road traffic injury (per 100,000 population)","SH.STA.TRAF.P5","","","","","","","","","","","","","","","","","","","","","","","","","","","","","","","","","","","","","","","","","14.6","8.6","11.3","11.7","16.7","8.7","7.9","10.1","6.1","9.2","8.9","11","14.8","14.1","8.4","13.3","5.6","8.5","8.3","8.2","","","","","","",
"Brunei Darussalam","BRN","Mortality caused by road traffic injury (per 100,000 population)","SH.STA.TRAF.P5","","","","","","","","","","","","","","","","","","","","","","","","","","","","","","","","","","","","","","","","","15.9","19.4","15","8.8","12.5","14.4","12.7","17.6","10.5","11.5","7.7","12.2","9","9.6","8.5","8.9","9.1","8.1","7.8","7.5","","","","","","",
"Bhutan","BTN","Mortality caused by road traffic injury (per 100,000 population)","SH.STA.TRAF.P5","","","","","","","","","","","","","","","","","","","","","","","","","","","","","","","","","","","","","","","","","11.7","11.9","12","12.4","13.1","13.4","13.4","13.2","15.2","13.6","13.6","16.7","15.3","11.8","11.8","15.1","18.9","15.7","15.9","16.2","","","","","","",
"Botswana","BWA","Mortality caused by road traffic injury (per 100,000 population)","SH.STA.TRAF.P5","","","","","","","","","","","","","","","","","","","","","","","","","","","","","","","","","","","","","","","","","31.8","31.1","30.2","31.7","29.8","24.8","24.7","26.1","23.9","24","24.2","23.8","21.2","20.9","24.2","24.8","24.8","25","25.7","26.4","","","","","","",
"Central African Republic","CAF","Mortality caused by road traffic injury (per 100,000 population)","SH.STA.TRAF.P5","","","","","","","","","","","","","","","","","","","","","","","","","","","","","","","","","","","","","","","","","32.3","31.9","31.6","33.5","33.6","33.4","33","32.7","32.3","32","30.5","30.3","29.6","33.3","33.7","34","34.1","35.3","36","37.7","","","","","","",
"Canada","CAN","Mortality caused by road traffic injury (per 100,000 population)","SH.STA.TRAF.P5","","","","","","","","","","","","","","","","","","","","","","","","","","","","","","","","","","","","","","","","","9.8","9.2","9.7","9.1","8.9","9.5","9.1","8.9","8","7.2","7.3","6.3","6.7","6.3","5.8","5.8","5.8","5.6","5.4","5.3","","","","","","",
"Central Europe and the Baltics","CEB","Mortality caused by road traffic injury (per 100,000 population)","SH.STA.TRAF.P5","","","","","","","","","","","","","","","","","","","","","","","","","","","","","","","","","","","","","","","","","15.990639829712","15.2137788420497","15.4060130889796","15.1919961625585","15.2447245382554","14.970648046884","14.63374976427","15.3904019157639","15.0126948885288","12.2994733039139","10.8474457656194","10.5775523120261","9.77130569788014","9.15246325043235","9.26877460423837","8.94565750803799","8.87002347217122","8.61639517169762","8.57810622882074","8.58255326789057","","","","","","",
"Switzerland","CHE","Mortality caused by road traffic injury (per 100,000 population)","SH.STA.TRAF.P5","","","","","","","","","","","","","","","","","","","","","","","","","","","","","","","","","","","","","","","","","8.5","7.8","7.3","7.7","7.2","5.7","5.1","5.3","4.8","4.7","4.3","4.2","4.4","3.4","3.1","3.1","2.7","2.8","2.8","2.2","","","","","","",
"Channel Islands","CHI","Mortality caused by road traffic injury (per 100,000 population)","SH.STA.TRAF.P5","","","","","","","","","","","","","","","","","","","","","","","","","","","","","","","","","","","","","","","","","","","","","","","","","","","","","","","","","","","","","","","","","","",
"Chile","CHL","Mortality caused by road traffic injury (per 100,000 population)","SH.STA.TRAF.P5","","","","","","","","","","","","","","","","","","","","","","","","","","","","","","","","","","","","","","","","","17.9","16.2","16","18","17.8","17.7","18.7","13.3","14.3","12.4","12.5","12.2","11.7","12.4","12.3","12.3","12.3","14","14","14.9","","","","","","",
"China","CHN","Mortality caused by road traffic injury (per 100,000 population)","SH.STA.TRAF.P5","","","","","","","","","","","","","","","","","","","","","","","","","","","","","","","","","","","","","","","","","21.4","21.9","22.1","21.1","20.5","20.8","20.7","20.9","20.5","20.5","20.3","20.7","20.3","19.6","18.8","18.3","18","17.8","17.6","17.4","","","","","","",
"Cote d'Ivoire","CIV","Mortality caused by road traffic injury (per 100,000 population)","SH.STA.TRAF.P5","","","","","","","","","","","","","","","","","","","","","","","","","","","","","","","","","","","","","","","","","25.4","25.3","25.4","25.9","26.5","26.3","25.8","25.4","25.4","25.5","25.8","25.8","24","23.5","23","23.2","23.4","23.6","23.9","24.1","","","","","","",
"Cameroon","CMR","Mortality caused by road traffic injury (per 100,000 population)","SH.STA.TRAF.P5","","","","","","","","","","","","","","","","","","","","","","","","","","","","","","","","","","","","","","","","","27.4","27.5","27.7","27.4","27.8","28.3","28.1","28.1","28.4","28.5","28.9","29","28.6","28.7","28.9","29","29.5","29.7","29.9","30.2","","","","","","",
"Congo, Dem. Rep.","COD","Mortality caused by road traffic injury (per 100,000 population)","SH.STA.TRAF.P5","","","","","","","","","","","","","","","","","","","","","","","","","","","","","","","","","","","","","","","","","38.1","38","38.5","38","36.5","36.8","36.6","36","35.8","36.3","36","35.6","34","34","33.6","33.5","33.7","33.2","33","34.9","","","","","","",
"Congo, Rep.","COG","Mortality caused by road traffic injury (per 100,000 population)","SH.STA.TRAF.P5","","","","","","","","","","","","","","","","","","","","","","","","","","","","","","","","","","","","","","","","","26.3","26.1","25.9","26","25.8","25.5","25.5","26","25.9","26.2","27","27","26.8","27","27.3","27.6","28.2","28.6","29.2","29.7","","","","","","",
"Colombia","COL","Mortality caused by road traffic injury (per 100,000 population)","SH.STA.TRAF.P5","","","","","","","","","","","","","","","","","","","","","","","","","","","","","","","","","","","","","","","","","20","20","19","17.2","17.5","16.9","17.4","17.9","18","17.7","16.2","15.8","16.7","16.7","16.9","18","18.6","17.2","16.3","15.4","","","","","","",
"Comoros","COM","Mortality caused by road traffic injury (per 100,000 population)","SH.STA.TRAF.P5","","","","","","","","","","","","","","","","","","","","","","","","","","","","","","","","","","","","","","","","","26.9","26.8","26.7","26.7","27","26.8","26.5","26.5","26.8","27","27.1","27","26.7","26.6","26.3","26.6","26.5","26.6","26.6","26.6","","","","","","",
"Cabo Verde","CPV","Mortality caused by road traffic injury (per 100,000 population)","SH.STA.TRAF.P5","","","","","","","","","","","","","","","","","","","","","","","","","","","","","","","","","","","","","","","","","22.9","23.4","23.5","24","23.9","23.8","23.2","23.2","22.7","23","23.5","23.5","23.6","24","24.5","25","25.4","25.9","26.3","26.8","","","","","","",
"Costa Rica","CRI","Mortality caused by road traffic injury (per 100,000 population)","SH.STA.TRAF.P5","","","","","","","","","","","","","","","","","","","","","","","","","","","","","","","","","","","","","","","","","17.8","17.3","17","15.4","15.4","14.5","16.4","16.1","16.8","15.9","14","13.3","14.9","13.6","14.2","16.5","16.6","14.7","14.4","14.8","","","","","","",
"Caribbean small states","CSS","Mortality caused by road traffic injury (per 100,000 population)","SH.STA.TRAF.P5","","","","","","","","","","","","","","","","","","","","","","","","","","","","","","","","","","","","","","","","","19.3458167012364","17.9341866772286","18.093962978776","20.2275594767957","20.7416080018055","21.4384623987462","21.262107832262","22.8012707547658","20.8156437183063","18.300917115074","16.1617098404734","17.8984489009999","16.2071175115398","15.3564752685654","16.343205413947","15.1950450521291","15.6259960859362","14.309680599935","14.3425651535384","14.0983351670008","","","","","","",
"Cuba","CUB","Mortality caused by road traffic injury (per 100,000 population)","SH.STA.TRAF.P5","","","","","","","","","","","","","","","","","","","","","","","","","","","","","","","","","","","","","","","","","15.8","14.2","13.3","11.5","11.4","11.6","9.7","8.6","9.2","8.8","8.3","7.9","8.3","8","8.5","9","8.6","8.7","8.8","8.9","","","","","","",
"Curacao","CUW","Mortality caused by road traffic injury (per 100,000 population)","SH.STA.TRAF.P5","","","","","","","","","","","","","","","","","","","","","","","","","","","","","","","","","","","","","","","","","","","","","","","","","","","","","","","","","","","","","","","","","","",
"Cayman Islands","CYM","Mortality caused by road traffic injury (per 100,000 population)","SH.STA.TRAF.P5","","","","","","","","","","","","","","","","","","","","","","","","","","","","","","","","","","","","","","","","","","","","","","","","","","","","","","","","","","","","","","","","","","",
"Cyprus","CYP","Mortality caused by road traffic injury (per 100,000 population)","SH.STA.TRAF.P5","","","","","","","","","","","","","","","","","","","","","","","","","","","","","","","","","","","","","","","","","12.3","11.8","12.1","11.8","14.6","12.6","9.2","11.1","9.8","9.3","8.2","7.8","6.1","5","5.3","6.7","5.2","6","5.5","5.8","","","","","","",
"Czechia","CZE","Mortality caused by road traffic injury (per 100,000 population)","SH.STA.TRAF.P5","","","","","","","","","","","","","","","","","","","","","","","","","","","","","","","","","","","","","","","","","14.9","13.4","14.4","14.6","13.9","12.9","10.6","12.2","10.6","8.9","7.8","7.5","7.2","6.4","6.7","7.2","5.9","5.6","6.3","5.9","","","","","","",
"Germany","DEU","Mortality caused by road traffic injury (per 100,000 population)","SH.STA.TRAF.P5","","","","","","","","","","","","","","","","","","","","","","","","","","","","","","","","","","","","","","","","","9.6","8.9","8.8","8.4","7.5","6.9","6.6","6.4","5.8","5.3","4.8","5.3","4.7","4.4","4.3","4.4","4","4","4.1","3.8","","","","","","",
"Djibouti","DJI","Mortality caused by road traffic injury (per 100,000 population)","SH.STA.TRAF.P5","","","","","","","","","","","","","","","","","","","","","","","","","","","","","","","","","","","","","","","","","27.5","27.6","27.4","27.8","27.6","28.1","27.9","27.7","27.4","27.9","28.2","25.2","23.6","23.8","23.8","23.9","23.8","23.7","23.6","23.5","","","","","","",
"Dominica","DMA","Mortality caused by road traffic injury (per 100,000 population)","SH.STA.TRAF.P5","","","","","","","","","","","","","","","","","","","","","","","","","","","","","","","","","","","","","","","","","","","","","","","","","","","","","","15.3","","","10.9","","","","","","","","","",
"Denmark","DNK","Mortality caused by road traffic injury (per 100,000 population)","SH.STA.TRAF.P5","","","","","","","","","","","","","","","","","","","","","","","","","","","","","","","","","","","","","","","","","9.6","8.6","8.9","8.3","7","6.5","5.8","7.7","7.6","5.6","5","4.1","3.1","3.5","3.5","3.5","4","3.3","3.2","3.7","","","","","","",
"Dominican Republic","DOM","Mortality caused by road traffic injury (per 100,000 population)","SH.STA.TRAF.P5","","","","","","","","","","","","","","","","","","","","","","","","","","","","","","","","","","","","","","","","","29.4","32.2","36.7","39.2","36","28.9","25.6","24.2","25.9","23.8","27.8","25.7","30.2","40","31.7","32.9","35.4","46.3","53.5","64.6","","","","","","",
"Algeria","DZA","Mortality caused by road traffic injury (per 100,000 population)","SH.STA.TRAF.P5","","","","","","","","","","","","","","","","","","","","","","","","","","","","","","","","","","","","","","","","","22.5","22.7","22.8","22.7","22.5","22.1","22.2","22.3","22.4","22.5","22.3","22.3","21.4","21.1","21.2","21.2","21.1","21","21","20.9","","","","","","",
"East Asia & Pacific (excluding high income)","EAP","Mortality caused by road traffic injury (per 100,000 population)","SH.STA.TRAF.P5","","","","","","","","","","","","","","","","","","","","","","","","","","","","","","","","","","","","","","","","","20.7912745717408","21.11573671894","21.2958785110105","20.5455755154441","20.1284886687161","20.2863380288729","20.1713507603046","20.2682364518898","19.9667160338189","20.0195142045283","19.9224462203672","20.1228353209049","19.694310463993","19.1567119549017","18.4628134423004","18.1811779938742","18.0166138892543","17.9540285938308","17.7759267380195","17.6729502999884","","","","","","",
"Early-demographic dividend","EAR","Mortality caused by road traffic injury (per 100,000 population)","SH.STA.TRAF.P5","","","","","","","","","","","","","","","","","","","","","","","","","","","","","","","","","","","","","","","","","16.8307808271754","16.7256802428213","16.8216856373761","16.9108680126228","16.9300943906852","17.1302629194883","17.3492119822761","17.2385160405556","17.3925164599291","17.3669605746878","17.3725862478565","17.5033031412971","17.2675528841512","16.8931137732825","16.4686240387929","16.3524381694345","16.2093795483915","16.1290826377064","16.2528042309432","16.3160825823577","","","","","","",
"East Asia & Pacific","EAS","Mortality caused by road traffic injury (per 100,000 population)","SH.STA.TRAF.P5","","","","","","","","","","","","","","","","","","","","","","","","","","","","","","","","","","","","","","","","","20.2344518175921","20.3902016769817","20.4475109406422","19.7325167096748","19.2731721016234","19.3626509585661","19.2062880772996","19.1431068069383","18.8107694409416","18.8475043387884","18.730047531086","18.8693985359294","18.4713194622087","17.945458327444","17.2885029257618","17.0307621783565","16.866538381531","16.7951957192724","16.6021049064681","16.5089144477994","","","","","","",
"Europe & Central Asia (excluding high income)","ECA","Mortality caused by road traffic injury (per 100,000 population)","SH.STA.TRAF.P5","","","","","","","","","","","","","","","","","","","","","","","","","","","","","","","","","","","","","","","","","12.0240728663508","12.7304975211572","13.1119280692379","13.7170727074606","14.4813297146405","15.8888431333862","16.2829341481131","17.5528215424202","15.4217285208228","13.4132744672116","13.0099193686243","14.0049273622935","13.7277028214907","13.4284585543742","12.4341137358581","12.270922418654","11.8905930636228","10.9399679949041","10.1456712044532","9.61099933248317","","","","","","",
"Europe & Central Asia","ECS","Mortality caused by road traffic injury (per 100,000 population)","SH.STA.TRAF.P5","","","","","","","","","","","","","","","","","","","","","","","","","","","","","","","","","","","","","","","","","15.0380173681323","15.111362382658","15.1338826369836","15.0871459553847","14.7120777744287","14.5827612190745","14.1924251470938","14.4999488480938","13.1056704442525","11.3736056954884","10.5971238957955","10.8824471587904","10.4948657734496","10.0583826705689","9.75804564139084","9.2418960728084","8.55293808168816","8.11696083867338","7.80276408139007","7.44762670795989","","","","","","",
"Ecuador","ECU","Mortality caused by road traffic injury (per 100,000 population)","SH.STA.TRAF.P5","","","","","","","","","","","","","","","","","","","","","","","","","","","","","","","","","","","","","","","","","13.5","14.8","15","15.1","13.8","17.2","18.5","19.1","19.9","23","24.5","24.7","22.3","22.1","24","23.5","21.2","21.3","20.7","20.1","","","","","","",
"Egypt, Arab Rep.","EGY","Mortality caused by road traffic injury (per 100,000 population)","SH.STA.TRAF.P5","","","","","","","","","","","","","","","","","","","","","","","","","","","","","","","","","","","","","","","","","11.2","10.7","11.5","12.3","10.7","10.8","11.1","12.8","13.2","12.9","13.7","13","10.2","10.5","12.3","11.7","9.8","10.6","10.3","10.1","","","","","","",
"Euro area","EMU","Mortality caused by road traffic injury (per 100,000 population)","SH.STA.TRAF.P5","","","","","","","","","","","","","","","","","","","","","","","","","","","","","","","","","","","","","","","","","13.1619315675546","12.7790349188199","12.2014786880382","11.2401922865747","10.3518414491753","9.8261415038048","9.3459837129344","8.93394023175991","8.07321185514624","7.33420342332756","6.6089833428427","6.53043064449535","5.88331441027714","5.38252460026932","5.40350906529672","5.5028724294022","5.22237516346173","5.19033180671739","5.13048902503066","4.93286869826921","","","","","","",
"Eritrea","ERI","Mortality caused by road traffic injury (per 100,000 population)","SH.STA.TRAF.P5","","","","","","","","","","","","","","","","","","","","","","","","","","","","","","","","","","","","","","","","","31.3","31.9","32.8","33.3","33.5","33.9","33.7","33.8","33.9","34","34","33.6","33.7","34.5","35","36.9","37.2","36.9","37.4","37.9","","","","","","",
"Spain","ESP","Mortality caused by road traffic injury (per 100,000 population)","SH.STA.TRAF.P5","","","","","","","","","","","","","","","","","","","","","","","","","","","","","","","","","","","","","","","","","15.4","14.4","13.6","13.4","11.7","10.6","9.6","8.7","6.9","6","5.4","4.7","4.3","4","4.2","4.2","4.1","4.2","4.1","3.9","","","","","","",
"Estonia","EST","Mortality caused by road traffic injury (per 100,000 population)","SH.STA.TRAF.P5","","","","","","","","","","","","","","","","","","","","","","","","","","","","","","","","","","","","","","","","","17.7","16","16.7","13.6","13.9","14.7","19.3","17","12.4","8.8","6.8","8.1","6.8","7.1","6.1","6.4","6.1","4.1","5.7","4.5","","","","","","",
"Ethiopia","ETH","Mortality caused by road traffic injury (per 100,000 population)","SH.STA.TRAF.P5","","","","","","","","","","","","","","","","","","","","","","","","","","","","","","","","","","","","","","","","","24.6","24.5","24.7","25.1","24.8","24.5","23.9","23.5","23.4","23.5","23.3","26","26.2","25.8","25.8","26","26.4","27","27.6","28.2","","","","","","",
"European Union","EUU","Mortality caused by road traffic injury (per 100,000 population)","SH.STA.TRAF.P5","","","","","","","","","","","","","","","","","","","","","","","","","","","","","","","","","","","","","","","","","13.4593886115146","12.9905199707621","12.595115456431","11.7571294398061","11.0799635262868","10.5887905574902","10.0730765272149","9.96037190543871","9.23956748211548","8.17427785290672","7.30987124427696","7.21754097362522","6.53418530459845","6.0480434828497","6.05488117820897","6.04323160927619","5.83925314252838","5.75208796705011","5.73077204681961","5.56992388361075","","","","","","",
"Fragility, Conflict, and Violence (FCV) situations","FCV","Mortality caused by road traffic injury (per 100,000 population)","SH.STA.TRAF.P5","","","","","","","","","","","","","","","","","","","","","","","","","","","","","","","","","","","","","","","","","25.4234360283985","26.2219127548896","26.7481001795651","27.1802873200551","26.8473692581777","27.1001823481637","26.7948882105115","26.1172037959957","25.7467020702622","25.2525041801705","25.0883177130974","24.2063096571728","23.8691024170288","23.6204226434796","23.6843451997677","23.6514571944469","23.7473243215484","23.510167883626","23.8843148737205","24.2658075388424","","","","","","",
"Finland","FIN","Mortality caused by road traffic injury (per 100,000 population)","SH.STA.TRAF.P5","","","","","","","","","","","","","","","","","","","","","","","","","","","","","","","","","","","","","","","","","8.1","8.9","8.5","7.9","7.6","7.4","6.6","7.5","6.7","5.7","5.2","5.6","4.9","4.9","4.4","5.1","4.7","4.4","4.5","3.9","","","","","","",
"Fiji","FJI","Mortality caused by road traffic injury (per 100,000 population)","SH.STA.TRAF.P5","","","","","","","","","","","","","","","","","","","","","","","","","","","","","","","","","","","","","","","","","9.7","8","7.5","15.6","13.1","13","15","11","12.5","7.3","9.8","8.8","7.6","6.8","8.1","10.7","9.9","11.1","12.2","13.5","","","","","","",
"France","FRA","Mortality caused by road traffic injury (per 100,000 population)","SH.STA.TRAF.P5","","","","","","","","","","","","","","","","","","","","","","","","","","","","","","","","","","","","","","","","","13.4","13.4","12.5","10.1","8.9","9","7.9","7.7","7.1","7","6.5","6.5","5.9","5.3","5.4","5.5","5.5","5.5","5.2","5.1","","","","","","",
"Faroe Islands","FRO","Mortality caused by road traffic injury (per 100,000 population)","SH.STA.TRAF.P5","","","","","","","","","","","","","","","","","","","","","","","","","","","","","","","","","","","","","","","","","","","","","","","","","","","","","","","","","","","","","","","","","","",
"Micronesia, Fed. Sts.","FSM","Mortality caused by road traffic injury (per 100,000 population)","SH.STA.TRAF.P5","","","","","","","","","","","","","","","","","","","","","","","","","","","","","","","","","","","","","","","","","14.9","14.9","14.9","15","4.7","0","1.9","2.9","1.9","3.9","2.9","0","0","1.9","0.9","0.9","1.8","0.3","0.2","0.2","","","","","","",
"Gabon","GAB","Mortality caused by road traffic injury (per 100,000 population)","SH.STA.TRAF.P5","","","","","","","","","","","","","","","","","","","","","","","","","","","","","","","","","","","","","","","","","21.2","23.5","23.5","23.1","25.1","22.4","24","24.9","24.2","25.2","24.3","24.3","24.1","23.6","22.8","22.9","23.1","23.9","23.8","23.9","","","","","","",
"United Kingdom","GBR","Mortality caused by road traffic injury (per 100,000 population)","SH.STA.TRAF.P5","","","","","","","","","","","","","","","","","","","","","","","","","","","","","","","","","","","","","","","","","6.9","7","7.1","7.2","6.9","6.6","6.6","5.8","5.2","4.3","3.7","3.4","3","2.9","3.2","2.9","3","3","3","3.2","","","","","","",
"Georgia","GEO","Mortality caused by road traffic injury (per 100,000 population)","SH.STA.TRAF.P5","","","","","","","","","","","","","","","","","","","","","","","","","","","","","","","","","","","","","","","","","11.8","13.4","12.5","13.9","15.5","14.2","16.6","18.2","21.6","18.5","17.2","13.3","15.4","13.1","14.5","15.8","14.9","13.3","11.8","12.4","","","","","","",
"Ghana","GHA","Mortality caused by road traffic injury (per 100,000 population)","SH.STA.TRAF.P5","","","","","","","","","","","","","","","","","","","","","","","","","","","","","","","","","","","","","","","","","25.8","25.8","25.9","25.6","25.4","25.5","24.6","24","23.9","23.9","23.7","23.4","23.3","23.4","24","24.4","24.6","24.9","25.3","25.7","","","","","","",
"Gibraltar","GIB","Mortality caused by road traffic injury (per 100,000 population)","SH.STA.TRAF.P5","","","","","","","","","","","","","","","","","","","","","","","","","","","","","","","","","","","","","","","","","","","","","","","","","","","","","","","","","","","","","","","","","","",
"Guinea","GIN","Mortality caused by road traffic injury (per 100,000 population)","SH.STA.TRAF.P5","","","","","","","","","","","","","","","","","","","","","","","","","","","","","","","","","","","","","","","","","31.1","30.7","30.2","30.3","30.6","30.7","30.7","31.1","30.7","30.6","31","30.6","29.4","29.5","29.8","29.9","29.7","29.8","29.7","29.7","","","","","","",
"Gambia, The","GMB","Mortality caused by road traffic injury (per 100,000 population)","SH.STA.TRAF.P5","","","","","","","","","","","","","","","","","","","","","","","","","","","","","","","","","","","","","","","","","25.7","25.5","25.8","25.5","25.9","26.2","26.7","26.5","26.6","26.3","26.5","26.8","26.4","26.7","27.3","27.8","28.2","28.6","29.1","29.6","","","","","","",
"Guinea-Bissau","GNB","Mortality caused by road traffic injury (per 100,000 population)","SH.STA.TRAF.P5","","","","","","","","","","","","","","","","","","","","","","","","","","","","","","","","","","","","","","","","","30.7","30.4","30.6","31.6","31.5","31.5","31.4","31.5","31.1","31.3","31.5","31.2","31.1","31.5","32.2","32.1","31.7","32","32.1","32.2","","","","","","",
"Equatorial Guinea","GNQ","Mortality caused by road traffic injury (per 100,000 population)","SH.STA.TRAF.P5","","","","","","","","","","","","","","","","","","","","","","","","","","","","","","","","","","","","","","","","","22.1","20.4","20.3","20.8","19.8","20.1","19.5","19","19.2","19.4","20.8","21.3","22.2","22.2","23","23.8","24.7","25.4","26.3","27.2","","","","","","",
"Greece","GRC","Mortality caused by road traffic injury (per 100,000 population)","SH.STA.TRAF.P5","","","","","","","","","","","","","","","","","","","","","","","","","","","","","","","","","","","","","","","","","19.9","18.2","16.4","15.8","17.5","16.6","16","16.1","15.5","14.9","13.1","12.3","11.3","10.3","9.3","9.3","9.7","8.6","8.3","8.3","","","","","","",
"Grenada","GRD","Mortality caused by road traffic injury (per 100,000 population)","SH.STA.TRAF.P5","","","","","","","","","","","","","","","","","","","","","","","","","","","","","","","","","","","","","","","","","4.9","6.8","7.7","1.9","1.9","12.4","15.2","7.6","11.4","3.8","5.6","8.4","3.7","8.3","4.6","8.2","9.1","7.6","7.8","8","","","","","","",
"Greenland","GRL","Mortality caused by road traffic injury (per 100,000 population)","SH.STA.TRAF.P5","","","","","","","","","","","","","","","","","","","","","","","","","","","","","","","","","","","","","","","","","","","","","","","","","","","","","","","","","","","","","","","","","","",
"Guatemala","GTM","Mortality caused by road traffic injury (per 100,000 population)","SH.STA.TRAF.P5","","","","","","","","","","","","","","","","","","","","","","","","","","","","","","","","","","","","","","","","","6.8","5.6","4.8","4.9","5","4.4","4.6","20.1","16.6","15.7","13.4","11","11.5","13.1","12.8","14","16.6","18.1","20.4","22.9","","","","","","",
"Guam","GUM","Mortality caused by road traffic injury (per 100,000 population)","SH.STA.TRAF.P5","","","","","","","","","","","","","","","","","","","","","","","","","","","","","","","","","","","","","","","","","","","","","","","","","","","","","","","","","","","","","","","","","","",
"Guyana","GUY","Mortality caused by road traffic injury (per 100,000 population)","SH.STA.TRAF.P5","","","","","","","","","","","","","","","","","","","","","","","","","","","","","","","","","","","","","","","","","26.2","24.3","24","28","29.1","28.5","33.2","35.6","23","15.6","18","26.1","20.5","19.8","28.4","24.4","24.6","22.7","22.5","22.3","","","","","","",
"High income","HIC","Mortality caused by road traffic injury (per 100,000 population)","SH.STA.TRAF.P5","","","","","","","","","","","","","","","","","","","","","","","","","","","","","","","","","","","","","","","","","15.7081259786265","15.3657188977503","15.2800595348815","15.0471730518534","14.5276615615212","14.1345614853844","13.6867898527871","13.2048189155628","12.1623426744142","10.8925953234762","10.2606942051746","10.2010931110228","10.0643941003037","9.59025613815475","9.43272657926239","9.32960296485948","9.15118494207618","8.97915580707245","8.81988361638646","8.73105842537915","","","","","","",
"Hong Kong SAR, China","HKG","Mortality caused by road traffic injury (per 100,000 population)","SH.STA.TRAF.P5","","","","","","","","","","","","","","","","","","","","","","","","","","","","","","","","","","","","","","","","","","","","","","","","","","","","","","","","","","","","","","","","","","",
"Honduras","HND","Mortality caused by road traffic injury (per 100,000 population)","SH.STA.TRAF.P5","","","","","","","","","","","","","","","","","","","","","","","","","","","","","","","","","","","","","","","","","15.4","15.5","15.9","15.9","15.9","15.8","15.8","15.7","16.1","16.3","16.4","16.3","16.3","16.4","16.1","16","16.4","16.2","16.1","16.1","","","","","","",
"Heavily indebted poor countries (HIPC)","HPC","Mortality caused by road traffic injury (per 100,000 population)","SH.STA.TRAF.P5","","","","","","","","","","","","","","","","","","","","","","","","","","","","","","","","","","","","","","","","","28.0238816568252","27.9545459933044","27.9960770402961","27.8962818201961","27.7047805551916","27.6115815569708","27.359767746752","26.9928962998322","26.9409730032767","26.9852420654844","26.9978252983622","26.8752872447928","26.8567340649238","26.8287830209264","26.9769312507507","27.1535124048157","27.3494785982813","27.5763311295865","27.6517304280017","28.1690339713635","","","","","","",
"Croatia","HRV","Mortality caused by road traffic injury (per 100,000 population)","SH.STA.TRAF.P5","","","","","","","","","","","","","","","","","","","","","","","","","","","","","","","","","","","","","","","","","15.2","15.1","14.7","16.5","14.3","14.1","14.5","14.6","15.7","13","10.5","11.1","9.6","9.2","8.2","9.3","8.1","8.7","8.4","7.9","","","","","","",
"Haiti","HTI","Mortality caused by road traffic injury (per 100,000 population)","SH.STA.TRAF.P5","","","","","","","","","","","","","","","","","","","","","","","","","","","","","","","","","","","","","","","","","17.5","18.7","18.9","19.3","18.9","18.5","18.6","18.5","18.4","18.2","18.7","18.7","17.9","17.7","17.9","18","18.3","18.4","18.6","18.8","","","","","","",
"Hungary","HUN","Mortality caused by road traffic injury (per 100,000 population)","SH.STA.TRAF.P5","","","","","","","","","","","","","","","","","","","","","","","","","","","","","","","","","","","","","","","","","12.7","13.5","16.1","15.1","15.2","14.8","15.3","14.7","12.3","10.4","9.2","8.5","8.2","7.8","8","7.8","7.8","8","8.1","7.7","","","","","","",
"IBRD only","IBD","Mortality caused by road traffic injury (per 100,000 population)","SH.STA.TRAF.P5","","","","","","","","","","","","","","","","","","","","","","","","","","","","","","","","","","","","","","","","","19.4336262782136","19.5747756379938","19.7272008652788","19.4418647157676","19.1917741163791","19.3699234288437","19.4820549411951","19.6042435658012","19.4222896254603","19.0681690088141","19.0068612397488","19.0943106071153","18.8599866399473","18.2527933751785","17.6669321836408","17.188436091895","16.8570101931073","16.6715195386337","16.6045912823548","16.4850454155964","","","","","","",
"IDA & IBRD total","IBT","Mortality caused by road traffic injury (per 100,000 population)","SH.STA.TRAF.P5","","","","","","","","","","","","","","","","","","","","","","","","","","","","","","","","","","","","","","","","","20.0966807973551","20.2483118344716","20.4286875690802","20.2312583508504","20.0753680080301","20.2351235139175","20.2595019628846","20.309260533535","20.1642598381023","19.9460632259407","19.9037603529368","19.9068360209367","19.6609047309622","19.2210360047304","18.82029997857","18.5209406106983","18.347107927088","18.2105267178492","18.1814815756797","18.187860414335","","","","","","",
"IDA total","IDA","Mortality caused by road traffic injury (per 100,000 population)","SH.STA.TRAF.P5","","","","","","","","","","","","","","","","","","","","","","","","","","","","","","","","","","","","","","","","","22.4316612598767","22.5909819887101","22.8370211250503","22.9060401499659","23.0313101830731","23.0924161672443","22.7927012263742","22.5742645713268","22.5155519421713","22.6913630549585","22.6717126960702","22.3827387783047","22.0735653855752","22.1089685889038","22.2252313401221","22.4116853988603","22.6472807307805","22.5982340854398","22.6184774804835","22.91197756745","","","","","","",
"IDA blend","IDB","Mortality caused by road traffic injury (per 100,000 population)","SH.STA.TRAF.P5","","","","","","","","","","","","","","","","","","","","","","","","","","","","","","","","","","","","","","","","","21.2604639143003","21.3907099702446","21.5277827187089","21.260632456936","21.3331946291221","21.2185000619519","20.7030935554431","20.5401955139002","20.378339087619","20.7268750947473","20.6393030380313","19.8427284077746","19.2319844120479","19.2322896557876","19.086003236772","19.0904295306332","19.172362921426","19.0450822797373","18.9249311021842","18.9664036525001","","","","","","",
"Indonesia","IDN","Mortality caused by road traffic injury (per 100,000 population)","SH.STA.TRAF.P5","","","","","","","","","","","","","","","","","","","","","","","","","","","","","","","","","","","","","","","","","14.5","14.6","14.8","14.5","14.4","14.3","14.2","13.7","13.5","13.9","13.7","13.8","13","12.9","12.7","12.3","12.1","11.8","11.6","11.3","","","","","","",
"IDA only","IDX","Mortality caused by road traffic injury (per 100,000 population)","SH.STA.TRAF.P5","","","","","","","","","","","","","","","","","","","","","","","","","","","","","","","","","","","","","","","","","23.057841404867","23.2347439019383","23.5399535239482","23.7900918213011","23.9455177708434","24.1030398680753","23.9211591370569","23.6757885472828","23.6770660276835","23.762638867169","23.7835587551794","23.7750513399874","23.6322008906886","23.6881997785403","23.9480887288056","24.2325352760428","24.5478648974482","24.5362309914933","24.6276450510841","25.0510650839131","","","","","","",
"Isle of Man","IMN","Mortality caused by road traffic injury (per 100,000 population)","SH.STA.TRAF.P5","","","","","","","","","","","","","","","","","","","","","","","","","","","","","","","","","","","","","","","","","","","","","","","","","","","","","","","","","","","","","","","","","","",
"India","IND","Mortality caused by road traffic injury (per 100,000 population)","SH.STA.TRAF.P5","","","","","","","","","","","","","","","","","","","","","","","","","","","","","","","","","","","","","","","","","16.9","16.6","16.3","15.8","15.6","15.9","16.3","16.7","17.1","17","17.2","17.4","17.6","17","16.1","15.6","15.3","15.2","15.5","15.6","","","","","","",
"Not classified","INX","Mortality caused by road traffic injury (per 100,000 population)","SH.STA.TRAF.P5","","","","","","","","","","","","","","","","","","","","","","","","","","","","","","","","","","","","","","","","","","","","","","","","","","","","","","","","","","","","","","","","","","",
"Ireland","IRL","Mortality caused by road traffic injury (per 100,000 population)","SH.STA.TRAF.P5","","","","","","","","","","","","","","","","","","","","","","","","","","","","","","","","","","","","","","","","","11.4","11.1","10","8.7","9.6","9.9","8.9","8","6.5","6","4.8","4.2","3.6","4.2","4.3","3.6","4.1","3.4","3","3.1","","","","","","",
"Iran, Islamic Rep.","IRN","Mortality caused by road traffic injury (per 100,000 population)","SH.STA.TRAF.P5","","","","","","","","","","","","","","","","","","","","","","","","","","","","","","","","","","","","","","","","","26.8","30.6","33.5","38.9","39","41","40.3","33.1","33.4","32.5","32.5","27.7","26.1","24.3","22.5","21.8","20.6","20.7","21.7","21.5","","","","","","",
"Iraq","IRQ","Mortality caused by road traffic injury (per 100,000 population)","SH.STA.TRAF.P5","","","","","","","","","","","","","","","","","","","","","","","","","","","","","","","","","","","","","","","","","20.7","20.6","20.9","22","21.1","19.3","19.6","20.2","21.1","21","20.9","18.5","18.8","18","20.5","20.5","20.4","20.4","27.1","27.3","","","","","","",
"Iceland","ISL","Mortality caused by road traffic injury (per 100,000 population)","SH.STA.TRAF.P5","","","","","","","","","","","","","","","","","","","","","","","","","","","","","","","","","","","","","","","","","11.8","9.6","10.5","8.4","8.3","6.8","10.8","4.9","4.5","5.7","2.6","4.3","3.4","4.9","1.8","4.8","6.6","5.5","7","2","","","","","","",
"Israel","ISR","Mortality caused by road traffic injury (per 100,000 population)","SH.STA.TRAF.P5","","","","","","","","","","","","","","","","","","","","","","","","","","","","","","","","","","","","","","","","","8","9.2","8.7","7.4","7.7","7.1","6.4","5.8","5.9","4.5","4.9","4.7","3.6","3.7","3.6","4.2","4.3","4","3.4","3.9","","","","","","",
"Italy","ITA","Mortality caused by road traffic injury (per 100,000 population)","SH.STA.TRAF.P5","","","","","","","","","","","","","","","","","","","","","","","","","","","","","","","","","","","","","","","","","13.9","13.9","13.3","11.8","10.9","10.3","10.3","9.7","8.9","8","7.3","7.2","6.5","5.8","5.8","5.9","5.5","5.7","5.6","5.3","","","","","","",
"Jamaica","JAM","Mortality caused by road traffic injury (per 100,000 population)","SH.STA.TRAF.P5","","","","","","","","","","","","","","","","","","","","","","","","","","","","","","","","","","","","","","","","","12.5","13.4","14.5","13.6","12.4","12.4","14.1","12.7","12.4","12.7","11.4","12.9","9.1","10.7","11.5","13.3","13.1","13.5","14.3","15.1","","","","","","",
"Jordan","JOR","Mortality caused by road traffic injury (per 100,000 population)","SH.STA.TRAF.P5","","","","","","","","","","","","","","","","","","","","","","","","","","","","","","","","","","","","","","","","","23.2","23.3","23.4","22.9","22.8","22.6","22.3","22.2","21.9","22.3","22.4","25.3","23.7","23.9","23.9","24","24.1","21.5","17.6","17","","","","","","",
"Japan","JPN","Mortality caused by road traffic injury (per 100,000 population)","SH.STA.TRAF.P5","","","","","","","","","","","","","","","","","","","","","","","","","","","","","","","","","","","","","","","","","12.5","12.1","11.3","10.6","10.1","9.4","8.6","6.2","5.5","5.4","5.3","5","4.8","4.5","4.2","4.2","4.1","3.9","3.7","3.6","","","","","","",
"Kazakhstan","KAZ","Mortality caused by road traffic injury (per 100,000 population)","SH.STA.TRAF.P5","","","","","","","","","","","","","","","","","","","","","","","","","","","","","","","","","","","","","","","","","14.2","16.2","16.6","18.8","25.4","31.1","39.8","39.5","29.2","25.6","25.9","24","23.6","22.8","19.3","18.4","17.7","13.9","13.8","12.7","","","","","","",
"Kenya","KEN","Mortality caused by road traffic injury (per 100,000 population)","SH.STA.TRAF.P5","","","","","","","","","","","","","","","","","","","","","","","","","","","","","","","","","","","","","","","","","26.4","26.5","26.5","26.2","25.9","26.3","25.8","25.8","25.9","26.1","25.7","25.7","26.6","26.4","26.6","27.3","27.4","27.7","28","28.3","","","","","","",
"Kyrgyz Republic","KGZ","Mortality caused by road traffic injury (per 100,000 population)","SH.STA.TRAF.P5","","","","","","","","","","","","","","","","","","","","","","","","","","","","","","","","","","","","","","","","","12.4","14.2","14.6","17.9","18.7","17.6","20.5","21.8","21.8","19.9","18","19.3","19.1","20.2","17.3","17.5","15.1","16.5","12.8","12.7","","","","","","",
"Cambodia","KHM","Mortality caused by road traffic injury (per 100,000 population)","SH.STA.TRAF.P5","","","","","","","","","","","","","","","","","","","","","","","","","","","","","","","","","","","","","","","","","17.9","17.6","17.7","17.6","17.6","17.9","17.9","17.4","17.7","17.9","18.1","18","17","17.1","17.3","17.4","17.8","18.4","19","19.6","","","","","","",
"Kiribati","KIR","Mortality caused by road traffic injury (per 100,000 population)","SH.STA.TRAF.P5","","","","","","","","","","","","","","","","","","","","","","","","","","","","","","","","","","","","","","","","","8.3","7","8","19.1","18.8","10.8","18","6.2","2","5","5.8","1.9","5.6","0.9","4.6","3.6","4.4","2.4","2.1","1.9","","","","","","",
"St. Kitts and Nevis","KNA","Mortality caused by road traffic injury (per 100,000 population)","SH.STA.TRAF.P5","","","","","","","","","","","","","","","","","","","","","","","","","","","","","","","","","","","","","","","","","","","","","","","","","","","","","","","","","","","","","","","","","","",
"Korea, Rep.","KOR","Mortality caused by road traffic injury (per 100,000 population)","SH.STA.TRAF.P5","","","","","","","","","","","","","","","","","","","","","","","","","","","","","","","","","","","","","","","","","25.6","21","18.6","18.8","16.6","16.1","15.9","15.4","15","14.7","13.7","12.8","12.7","11.8","10.9","10.6","9.8","9.5","8.6","8.6","","","","","","",
"Kuwait","KWT","Mortality caused by road traffic injury (per 100,000 population)","SH.STA.TRAF.P5","","","","","","","","","","","","","","","","","","","","","","","","","","","","","","","","","","","","","","","","","26.1","23.6","23.5","26","25.4","29.5","29","29.5","28.5","25.6","20.1","22.1","24.7","21.6","19","18.8","18.1","17.1","16.2","15.4","","","","","","",
"Latin America & Caribbean (excluding high income)","LAC","Mortality caused by road traffic injury (per 100,000 population)","SH.STA.TRAF.P5","","","","","","","","","","","","","","","","","","","","","","","","","","","","","","","","","","","","","","","","","17.6034976211136","17.9104822433123","18.092310996953","17.8809650705934","18.441389223032","18.543394920493","18.8135928388635","19.392915675267","19.8299613715672","19.4878129350827","19.4404844436134","19.5302852528475","19.8931773113642","19.3506379273363","19.2720472955915","18.566042651902","18.3696064830073","18.1373035993954","17.6413430744749","17.454909284993","","","","","","",
"Lao PDR","LAO","Mortality caused by road traffic injury (per 100,000 population)","SH.STA.TRAF.P5","","","","","","","","","","","","","","","","","","","","","","","","","","","","","","","","","","","","","","","","","13.8","13.4","13.6","13.7","13.8","14","13.9","14.2","14.1","14.2","14.3","14","14.2","14.3","16.4","15.2","16.4","16.8","17.3","17.9","","","","","","",
"Lebanon","LBN","Mortality caused by road traffic injury (per 100,000 population)","SH.STA.TRAF.P5","","","","","","","","","","","","","","","","","","","","","","","","","","","","","","","","","","","","","","","","","19.2","18.8","18.3","18.1","17.5","17","16.4","14.9","14.8","14.8","14.6","14.8","15.9","16","16.1","16.2","16.2","16.3","16.3","16.4","","","","","","",
"Liberia","LBR","Mortality caused by road traffic injury (per 100,000 population)","SH.STA.TRAF.P5","","","","","","","","","","","","","","","","","","","","","","","","","","","","","","","","","","","","","","","","","35.5","35.4","34.8","37.5","37.3","36.5","34.7","33.6","33.9","33.4","33.1","32.9","34","34.1","34.8","35.2","36.1","37","37.9","38.9","","","","","","",
"Libya","LBY","Mortality caused by road traffic injury (per 100,000 population)","SH.STA.TRAF.P5","","","","","","","","","","","","","","","","","","","","","","","","","","","","","","","","","","","","","","","","","20.6","21.1","21.5","21.1","21.2","21.1","21.3","21.2","21.1","21.9","22","26.2","22.3","23","23.6","24.3","25.2","21.3","18.7","21.3","","","","","","",
"St. Lucia","LCA","Mortality caused by road traffic injury (per 100,000 population)","SH.STA.TRAF.P5","","","","","","","","","","","","","","","","","","","","","","","","","","","","","","","","","","","","","","","","","19.8","15.8","23.8","17.4","20.4","13.5","6","16.7","3.5","18.4","9.7","24.5","9.1","18","12.9","19","35","23.8","26.7","29.8","","","","","","",
"Latin America & Caribbean","LCN","Mortality caused by road traffic injury (per 100,000 population)","SH.STA.TRAF.P5","","","","","","","","","","","","","","","","","","","","","","","","","","","","","","","","","","","","","","","","","17.6007391965402","17.8265751260444","17.9662721012718","17.8292022583642","18.3531880190612","18.4335497490081","18.7614317877565","19.1463440112855","19.5976574239489","19.1894211767572","19.1300478333117","19.210331313482","19.5393060440841","19.0295593591481","18.9655410709852","18.3035013153303","18.1019452123526","17.9124343379574","17.4499583782517","17.2953168821434","","","","","","",
"Least developed countries: UN classification","LDC","Mortality caused by road traffic injury (per 100,000 population)","SH.STA.TRAF.P5","","","","","","","","","","","","","","","","","","","","","","","","","","","","","","","","","","","","","","","","","23.5329093660184","23.7252117381087","24.0725113376479","24.2954783743175","24.4823097479951","24.6527462978656","24.413127901746","24.1806022230154","24.1763930075241","24.3424686217776","24.3468780649779","24.314812666535","24.1399246374411","24.1474993830658","24.3966664410294","24.6379814132489","24.9618413736616","25.1226092874827","25.2247089413265","25.6748361690904","","","","","","",
"Low income","LIC","Mortality caused by road traffic injury (per 100,000 population)","SH.STA.TRAF.P5","","","","","","","","","","","","","","","","","","","","","","","","","","","","","","","","","","","","","","","","","27.8081177448019","27.6864873577509","27.7636417408677","27.8313958017914","27.5636631861203","27.4478544442457","27.2376285169121","27.0234546798115","27.0015776058402","27.071944865379","27.0192518143405","27.0853344528168","27.0091805882804","27.0422658492043","27.3670079664621","27.6976585046752","28.1196196554237","27.9635791296043","28.0769099522951","28.6683411434705","","","","","","",
"Liechtenstein","LIE","Mortality caused by road traffic injury (per 100,000 population)","SH.STA.TRAF.P5","","","","","","","","","","","","","","","","","","","","","","","","","","","","","","","","","","","","","","","","","","","","","","","","","","","","","","","","","","","","","","","","","","",
"Sri Lanka","LKA","Mortality caused by road traffic injury (per 100,000 population)","SH.STA.TRAF.P5","","","","","","","","","","","","","","","","","","","","","","","","","","","","","","","","","","","","","","","","","15.1","15.3","15.1","15","14.7","14.9","14.4","14.4","14.2","14.3","14.2","14.1","12.9","12.6","12.1","13.9","14.7","16.3","17.9","19.7","","","","","","",
"Lower middle income","LMC","Mortality caused by road traffic injury (per 100,000 population)","SH.STA.TRAF.P5","","","","","","","","","","","","","","","","","","","","","","","","","","","","","","","","","","","","","","","","","18.1503788445879","18.1107745553852","18.1063892828655","17.8623952048824","17.8279422261818","18.0390012316","18.1897337552627","18.4319289947839","18.6468712615083","18.6821083954861","18.7311407942821","18.5597544884171","18.4390154554704","18.1476698156687","17.7260405817445","17.4713978616767","17.2708145443292","17.294284471575","17.3784096874222","17.431487656697","","","","","","",
"Low & middle income","LMY","Mortality caused by road traffic injury (per 100,000 population)","SH.STA.TRAF.P5","","","","","","","","","","","","","","","","","","","","","","","","","","","","","","","","","","","","","","","","","19.9445663624636","20.0923655144568","20.2649645099997","20.0177652603","19.8867334501137","20.0905161998407","20.1487941308081","20.1864139709445","20.0984653677541","20.0098365183131","20.0150415709672","20.0044778439629","19.7555769951616","19.3191210078109","18.9145152749263","18.6758725825881","18.5584589314441","18.4437047335026","18.4273337664258","18.4484456731267","","","","","","",
"Lesotho","LSO","Mortality caused by road traffic injury (per 100,000 population)","SH.STA.TRAF.P5","","","","","","","","","","","","","","","","","","","","","","","","","","","","","","","","","","","","","","","","","27","27.1","28","28.1","27.2","27.6","27.8","27.8","27.6","27.7","27.7","27.4","28.5","28.8","29.5","30.1","30.8","42.6","31.6","31.9","","","","","","",
"Late-demographic dividend","LTE","Mortality caused by road traffic injury (per 100,000 population)","SH.STA.TRAF.P5","","","","","","","","","","","","","","","","","","","","","","","","","","","","","","","","","","","","","","","","","21.9145645648096","22.2961612155073","22.5493357220536","22.0142952800443","21.7430793808991","21.8842470411683","21.7529270559615","21.9920543078252","21.5429801233051","21.0671937031276","20.9668504642369","21.2042447054479","20.9032805556281","20.2029979771222","19.5512942733133","18.8378248962556","18.4429570250685","18.1864426555597","17.7924682014789","17.5247166665482","","","","","","",
"Lithuania","LTU","Mortality caused by road traffic injury (per 100,000 population)","SH.STA.TRAF.P5","","","","","","","","","","","","","","","","","","","","","","","","","","","","","","","","","","","","","","","","","22.8","22","22.7","23.5","23.6","25.6","26.7","26.6","18.3","13.6","12.1","11.8","12.9","9.7","11.2","10.5","8.1","8.2","7.5","8.1","","","","","","",
"Luxembourg","LUX","Mortality caused by road traffic injury (per 100,000 population)","SH.STA.TRAF.P5","","","","","","","","","","","","","","","","","","","","","","","","","","","","","","","","","","","","","","","","","17.9","16.4","14.4","12.3","11.5","10.5","9.4","9.7","7.4","9.9","6.5","6.5","6.4","8.3","6.5","6.5","6.2","4.8","6.7","4.1","","","","","","",
"Latvia","LVA","Mortality caused by road traffic injury (per 100,000 population)","SH.STA.TRAF.P5","","","","","","","","","","","","","","","","","","","","","","","","","","","","","","","","","","","","","","","","","29.2","25.9","25.8","24.6","23.5","21.4","20","20.1","18.5","12.3","11.8","9","10.1","9.9","12.4","11.2","9.3","8.1","9.1","8.1","","","","","","",
"Macao SAR, China","MAC","Mortality caused by road traffic injury (per 100,000 population)","SH.STA.TRAF.P5","","","","","","","","","","","","","","","","","","","","","","","","","","","","","","","","","","","","","","","","","","","","","","","","","","","","","","","","","","","","","","","","","","",
"St. Martin (French part)","MAF","Mortality caused by road traffic injury (per 100,000 population)","SH.STA.TRAF.P5","","","","","","","","","","","","","","","","","","","","","","","","","","","","","","","","","","","","","","","","","","","","","","","","","","","","","","","","","","","","","","","","","","",
"Morocco","MAR","Mortality caused by road traffic injury (per 100,000 population)","SH.STA.TRAF.P5","","","","","","","","","","","","","","","","","","","","","","","","","","","","","","","","","","","","","","","","","23.9","23.8","24","24.1","23.8","24","23.9","23.8","23.7","23.7","23.4","20.9","20.3","20.1","19.8","19.7","19.7","19.1","17.7","17","","","","","","",
"Monaco","MCO","Mortality caused by road traffic injury (per 100,000 population)","SH.STA.TRAF.P5","","","","","","","","","","","","","","","","","","","","","","","","","","","","","","","","","","","","","","","","","","","","","","","","","","","","","","0","","","","","","","","","","","","",
"Moldova","MDA","Mortality caused by road traffic injury (per 100,000 population)","SH.STA.TRAF.P5","","","","","","","","","","","","","","","","","","","","","","","","","","","","","","","","","","","","","","","","","13.6","15.8","15.6","15.9","16.7","15.5","14.8","17","16.3","13.8","13.2","13.6","13.8","10.8","11.3","10.4","9.7","8.5","7.7","7.3","","","","","","",
"Madagascar","MDG","Mortality caused by road traffic injury (per 100,000 population)","SH.STA.TRAF.P5","","","","","","","","","","","","","","","","","","","","","","","","","","","","","","","","","","","","","","","","","26.6","26.1","26.8","26.4","26.4","25.9","25.7","25.6","25.5","26.3","26.7","27","27.4","27.7","28.1","28.3","28.6","28.8","29","29.2","","","","","","",
"Maldives","MDV","Mortality caused by road traffic injury (per 100,000 population)","SH.STA.TRAF.P5","","","","","","","","","","","","","","","","","","","","","","","","","","","","","","","","","","","","","","","","","1.8","0.7","2","0.7","1.6","5","2.5","3.6","2.1","2.6","3","2.4","1.3","2.9","2.5","2.6","0.9","1.8","1.7","1.6","","","","","","",
"Middle East, North Africa, Afghanistan & Pakistan","MEA","Mortality caused by road traffic injury (per 100,000 population)","SH.STA.TRAF.P5","","","","","","","","","","","","","","","","","","","","","","","","","","","","","","","","","","","","","","","","","17.9350034420879","18.3538513650635","18.9206447085532","19.7936069581426","19.8009984210685","20.0703579980036","19.8980885882155","19.259768448471","19.4297619924177","19.2538548657307","19.3529113000177","18.6168325003071","17.5194574584369","17.1974909415585","17.2963313329092","17.2860592981668","17.0222269421658","16.7616424685872","16.9889234570131","16.9797857780299","","","","","","",
"Mexico","MEX","Mortality caused by road traffic injury (per 100,000 population)","SH.STA.TRAF.P5","","","","","","","","","","","","","","","","","","","","","","","","","","","","","","","","","","","","","","","","","14.2","14","14.4","15","15","15.6","15.6","14.1","15.4","15.8","14.5","14.4","14.6","13.3","13.3","13.6","13.6","13.1","13","12.8","","","","","","",
"Marshall Islands","MHL","Mortality caused by road traffic injury (per 100,000 population)","SH.STA.TRAF.P5","","","","","","","","","","","","","","","","","","","","","","","","","","","","","","","","","","","","","","","","","","","","","","","","","","","","","","5.7","","","","","","","","","","","","",
"Middle income","MIC","Mortality caused by road traffic injury (per 100,000 population)","SH.STA.TRAF.P5","","","","","","","","","","","","","","","","","","","","","","","","","","","","","","","","","","","","","","","","","19.2742902600423","19.4369358089835","19.6076931295951","19.3217249145825","19.192450987444","19.4146537305452","19.486530789864","19.5368895281006","19.4321230971693","19.3172862384026","19.3173334042923","19.2881864012502","19.0113168446837","18.5166095302295","18.0253904478581","17.7143505403605","17.5251937268827","17.3976486817606","17.3486482190281","17.2848023668762","","","","","","",
"North Macedonia","MKD","Mortality caused by road traffic injury (per 100,000 population)","SH.STA.TRAF.P5","","","","","","","","","","","","","","","","","","","","","","","","","","","","","","","","","","","","","","","","","8.2","5.4","8.8","6.4","7.8","7.1","7","8.6","8.1","8","8.1","8.5","6.6","9.8","6.4","7.4","6.4","6.1","5.2","5.1","","","","","","",
"Mali","MLI","Mortality caused by road traffic injury (per 100,000 population)","SH.STA.TRAF.P5","","","","","","","","","","","","","","","","","","","","","","","","","","","","","","","","","","","","","","","","","25.6","24.8","24.8","24.5","24.5","24.1","23.9","23.8","24","24.2","24.2","24","23.7","23.7","23.4","23.2","23.1","23","22.9","22.7","","","","","","",
"Malta","MLT","Mortality caused by road traffic injury (per 100,000 population)","SH.STA.TRAF.P5","","","","","","","","","","","","","","","","","","","","","","","","","","","","","","","","","","","","","","","","","4.6","4.8","4","4.5","3.5","4.2","2.5","3.9","4.3","5.3","3.9","4.8","2.8","4.7","2.3","2.8","6","4.9","4.6","4.1","","","","","","",
"Myanmar","MMR","Mortality caused by road traffic injury (per 100,000 population)","SH.STA.TRAF.P5","","","","","","","","","","","","","","","","","","","","","","","","","","","","","","","","","","","","","","","","","20.9","20.6","20.4","20.1","19.7","19.3","19","19","19.2","19.1","19.1","19","19.5","19.5","19.6","19.7","19.9","20","20.2","20.4","","","","","","",
"Middle East, North Africa, Afghanistan & Pakistan (excluding high income)","MNA","Mortality caused by road traffic injury (per 100,000 population)","SH.STA.TRAF.P5","","","","","","","","","","","","","","","","","","","","","","","","","","","","","","","","","","","","","","","","","18.0589658789578","18.5017724715695","19.0371793726564","19.9519127408087","19.7768605599026","19.9454100721878","19.8098319348701","19.0795259148602","19.253624458362","19.1738399806116","19.3115089071243","18.4208792021575","17.1887600014518","16.9172799822269","17.1314946065984","17.0794748032616","16.6805158452179","16.404509074112","16.6112370487096","16.553257947779","","","","","","",
"Montenegro","MNE","Mortality caused by road traffic injury (per 100,000 population)","SH.STA.TRAF.P5","","","","","","","","","","","","","","","","","","","","","","","","","","","","","","","","","","","","","","","","","14.2","17.6","13.7","14.2","15.3","15.9","14.2","20.3","18.5","16.5","15.7","9.6","7.5","12.1","10.7","8.5","10.7","10.4","7.8","7.6","","","","","","",
"Mongolia","MNG","Mortality caused by road traffic injury (per 100,000 population)","SH.STA.TRAF.P5","","","","","","","","","","","","","","","","","","","","","","","","","","","","","","","","","","","","","","","","","15.9","15.9","22","15.8","21.1","21.7","21.7","22.3","19.6","17.5","18.6","20.3","21.6","20.7","23.8","19.4","16.3","20.8","20.9","21","","","","","","",
"Northern Mariana Islands","MNP","Mortality caused by road traffic injury (per 100,000 population)","SH.STA.TRAF.P5","","","","","","","","","","","","","","","","","","","","","","","","","","","","","","","","","","","","","","","","","","","","","","","","","","","","","","","","","","","","","","","","","","",
"Mozambique","MOZ","Mortality caused by road traffic injury (per 100,000 population)","SH.STA.TRAF.P5","","","","","","","","","","","","","","","","","","","","","","","","","","","","","","","","","","","","","","","","","34","33.9","33.9","33.5","33.1","32.3","32","31.2","31.4","31","30.7","30.4","30.4","30.3","30.4","30.7","31.1","30.2","30.1","30","","","","","","",
"Mauritania","MRT","Mortality caused by road traffic injury (per 100,000 population)","SH.STA.TRAF.P5","","","","","","","","","","","","","","","","","","","","","","","","","","","","","","","","","","","","","","","","","26.1","25.9","25.9","25.8","26.7","26.5","26","25.7","26.3","26.2","26.4","26.1","25.4","25.5","25.6","25.8","25.6","25.7","25.6","25.6","","","","","","",
"Mauritius","MUS","Mortality caused by road traffic injury (per 100,000 population)","SH.STA.TRAF.P5","","","","","","","","","","","","","","","","","","","","","","","","","","","","","","","","","","","","","","","","","16.1","14","18.9","15.4","15.4","11.6","12.5","12.7","15.3","12.1","13.3","15","14","12.2","13.1","13.8","13.7","12.5","12.4","12.2","","","","","","",
"Malawi","MWI","Mortality caused by road traffic injury (per 100,000 population)","SH.STA.TRAF.P5","","","","","","","","","","","","","","","","","","","","","","","","","","","","","","","","","","","","","","","","","31.2","32.4","33.2","32.6","32.9","32.9","32.4","31.8","31.3","30.9","30.6","30.2","31.5","31.8","32.1","32.4","32.6","32.8","33.1","33.4","","","","","","",
"Malaysia","MYS","Mortality caused by road traffic injury (per 100,000 population)","SH.STA.TRAF.P5","","","","","","","","","","","","","","","","","","","","","","","","","","","","","","","","","","","","","","","","","26.8","25.4","25.1","26.2","25.5","24.9","24.7","24.2","24.7","25.1","25.1","24.7","24.5","24.2","23","22.8","24","22.9","22.7","22.5","","","","","","",
"North America","NAC","Mortality caused by road traffic injury (per 100,000 population)","SH.STA.TRAF.P5","","","","","","","","","","","","","","","","","","","","","","","","","","","","","","","","","","","","","","","","","15.1212981211226","15.0618922157648","15.5609881906071","15.321421247739","15.1213802347544","15.0900862020005","14.9602899301394","14.3093940468285","12.8677929196352","11.6159031594793","11.2642606743773","11.0742660921564","11.3828581456862","10.8914458215551","10.750544222885","11.4708363808701","12.1887317468911","12.0754457641685","11.8699090262852","11.9432218097722","","","","","","",
"Namibia","NAM","Mortality caused by road traffic injury (per 100,000 population)","SH.STA.TRAF.P5","","","","","","","","","","","","","","","","","","","","","","","","","","","","","","","","","","","","","","","","","22.5","22.8","23.2","22.8","22","21.9","23.6","21.5","21.3","26.8","26.2","23.9","28.1","30.3","31.1","32","32","33.3","34","34.8","","","","","","",
"New Caledonia","NCL","Mortality caused by road traffic injury (per 100,000 population)","SH.STA.TRAF.P5","","","","","","","","","","","","","","","","","","","","","","","","","","","","","","","","","","","","","","","","","","","","","","","","","","","","","","","","","","","","","","","","","","",
"Niger","NER","Mortality caused by road traffic injury (per 100,000 population)","SH.STA.TRAF.P5","","","","","","","","","","","","","","","","","","","","","","","","","","","","","","","","","","","","","","","","","28.4","28.1","28.3","28","27.9","27.5","27.6","27.3","27.2","27.3","27.3","27.3","26.2","26.1","26.1","26.1","26","25.8","25.7","25.5","","","","","","",
"Nigeria","NGA","Mortality caused by road traffic injury (per 100,000 population)","SH.STA.TRAF.P5","","","","","","","","","","","","","","","","","","","","","","","","","","","","","","","","","","","","","","","","","29.2","29.6","29.8","28.6","27.6","27","26.4","25.9","25.1","25.3","25.1","22.5","22.1","22","21.9","21.4","21.4","21.1","20.9","20.7","","","","","","",
"Nicaragua","NIC","Mortality caused by road traffic injury (per 100,000 population)","SH.STA.TRAF.P5","","","","","","","","","","","","","","","","","","","","","","","","","","","","","","","","","","","","","","","","","16.3","16","15.8","16","15.9","16.1","16.2","14.4","14.3","14.4","14.5","14.3","15.2","13.7","16.2","16.1","16.1","16.3","16.6","16.9","","","","","","",
"Netherlands","NLD","Mortality caused by road traffic injury (per 100,000 population)","SH.STA.TRAF.P5","","","","","","","","","","","","","","","","","","","","","","","","","","","","","","","","","","","","","","","","","7.5","7","6.8","6.9","5.6","5.1","5.1","4.9","4.7","4.5","4","4.1","4","3.5","3.5","3.8","3.8","3.7","4.1","4","","","","","","",
"Norway","NOR","Mortality caused by road traffic injury (per 100,000 population)","SH.STA.TRAF.P5","","","","","","","","","","","","","","","","","","","","","","","","","","","","","","","","","","","","","","","","","8","6.6","7.4","6.7","6.3","5.3","5.3","5.1","5.5","4.6","4.4","3.5","3","3.8","3","2.6","2.7","2.1","2.1","2.1","","","","","","",
"Nepal","NPL","Mortality caused by road traffic injury (per 100,000 population)","SH.STA.TRAF.P5","","","","","","","","","","","","","","","","","","","","","","","","","","","","","","","","","","","","","","","","","15.5","15.3","15.3","15.4","15.9","16","15.9","16","15.9","15.7","15.8","16.1","15.7","15.7","15.9","16.3","17","16.2","16.2","16.3","","","","","","",
"Naoero","NRU","Mortality caused by road traffic injury (per 100,000 population)","SH.STA.TRAF.P5","","","","","","","","","","","","","","","","","","","","","","","","","","","","","","","","","","","","","","","","","","","","","","","","","","","","","","","","","","","","","","","","","","",
"New Zealand","NZL","Mortality caused by road traffic injury (per 100,000 population)","SH.STA.TRAF.P5","","","","","","","","","","","","","","","","","","","","","","","","","","","","","","","","","","","","","","","","","12.3","12","11.3","12.2","11.2","10.3","10.1","10.5","9.2","9.6","9.3","7.3","7.6","6.2","7.2","7.7","7.8","9","8.9","9.6","","","","","","",
"OECD members","OED","Mortality caused by road traffic injury (per 100,000 population)","SH.STA.TRAF.P5","","","","","","","","","","","","","","","","","","","","","","","","","","","","","","","","","","","","","","","","","13.9274283434221","13.3566334168189","13.1857548014702","12.7459893945057","12.3145484909234","12.0259075972083","11.7562838165844","11.0701637297571","10.3585006359143","9.64131164547594","9.07907881568817","9.15154577536999","9.00504271809314","8.51533896348647","8.40278839669191","8.66048857541992","8.75867133448874","8.5911120164622","8.38809626028092","8.22882661237639","","","","","","",
"Oman","OMN","Mortality caused by road traffic injury (per 100,000 population)","SH.STA.TRAF.P5","","","","","","","","","","","","","","","","","","","","","","","","","","","","","","","","","","","","","","","","","22.4","22.4","25.6","25","26.9","28.3","27.2","31","35.6","35.5","27.8","33.5","33.6","25","20.9","16.3","15.9","14.1","13.6","10.6","","","","","","",
"Other small states","OSS","Mortality caused by road traffic injury (per 100,000 population)","SH.STA.TRAF.P5","","","","","","","","","","","","","","","","","","","","","","","","","","","","","","","","","","","","","","","","","17.6249823309862","17.2779036585101","17.7395216153147","16.7745959123639","17.5320136280627","17.20602716285","17.2190803703053","17.5335703738819","16.7391199668211","15.9699561931314","15.6033393488119","15.8133691556081","14.6452991011007","14.6099076892003","14.2427091039573","14.8193753351833","15.1591170559904","14.579216249669","14.5831663505016","14.310917909368","","","","","","",
"Pakistan","PAK","Mortality caused by road traffic injury (per 100,000 population)","SH.STA.TRAF.P5","","","","","","","","","","","","","","","","","","","","","","","","","","","","","","","","","","","","","","","","","14","14","14.1","14","14.4","14.4","14.1","14.1","14.2","14.5","14.7","14.8","13.8","13.7","13.5","13.5","13.5","13.3","13.1","13","","","","","","",
"Panama","PAN","Mortality caused by road traffic injury (per 100,000 population)","SH.STA.TRAF.P5","","","","","","","","","","","","","","","","","","","","","","","","","","","","","","","","","","","","","","","","","15.4","15.4","15.7","15.4","13.9","13.8","16","14.7","15.4","13.6","13.2","14","14.1","12.9","14.2","14.2","14.2","13.4","13.9","13.9","","","","","","",
"Peru","PER","Mortality caused by road traffic injury (per 100,000 population)","SH.STA.TRAF.P5","","","","","","","","","","","","","","","","","","","","","","","","","","","","","","","","","","","","","","","","","15.8","16","14.5","14","15.4","15.9","16.6","16.6","16.4","15.1","13.2","16.2","14.6","14","13.6","13.9","13.9","13.8","13.7","13.6","","","","","","",
"Philippines","PHL","Mortality caused by road traffic injury (per 100,000 population)","SH.STA.TRAF.P5","","","","","","","","","","","","","","","","","","","","","","","","","","","","","","","","","","","","","","","","","9.8","9.7","10.2","10.1","10.1","10.1","9.8","10.6","10","10.6","11.5","10.5","10.8","10.6","10.9","12.5","12.2","11.8","11.9","12","","","","","","",
"Palau","PLW","Mortality caused by road traffic injury (per 100,000 population)","SH.STA.TRAF.P5","","","","","","","","","","","","","","","","","","","","","","","","","","","","","","","","","","","","","","","","","","","","","","","","","","","","","","4.78","","","","","","","","","","","","",
"Papua New Guinea","PNG","Mortality caused by road traffic injury (per 100,000 population)","SH.STA.TRAF.P5","","","","","","","","","","","","","","","","","","","","","","","","","","","","","","","","","","","","","","","","","17.4","17.5","18","17.6","17.7","18.1","18","17.5","17.4","17.6","17.1","16.8","16.2","16.3","14.3","14.1","13.9","13.9","13.5","12.6","","","","","","",
"Poland","POL","Mortality caused by road traffic injury (per 100,000 population)","SH.STA.TRAF.P5","","","","","","","","","","","","","","","","","","","","","","","","","","","","","","","","","","","","","","","","","18.6","16.6","17.2","16.5","16.9","16","15.1","16.4","16.6","13.3","12","12.8","11.1","10.8","10.4","9.3","9.7","9.1","9.2","9.4","","","","","","",
"Pre-demographic dividend","PRE","Mortality caused by road traffic injury (per 100,000 population)","SH.STA.TRAF.P5","","","","","","","","","","","","","","","","","","","","","","","","","","","","","","","","","","","","","","","","","28.641363189583","28.6855229210993","28.7279674656298","28.354141830243","27.9734797816685","27.7400504583313","27.3713844420205","27.1850213043639","27.014032273759","27.1743248133986","27.0906498163808","25.9965961388502","25.8374266922524","25.7900863119242","26.0736415741068","26.1522874777645","26.3400113221758","26.3695857701678","26.632304844715","26.9828758131478","","","","","","",
"Puerto Rico (US)","PRI","Mortality caused by road traffic injury (per 100,000 population)","SH.STA.TRAF.P5","","","","","","","","","","","","","","","","","","","","","","","","","","","","","","","","","","","","","","","","","","","","","","","","","","","","","","","","","","","","","","","","","","",
"Korea, Dem. People's Rep.","PRK","Mortality caused by road traffic injury (per 100,000 population)","SH.STA.TRAF.P5","","","","","","","","","","","","","","","","","","","","","","","","","","","","","","","","","","","","","","","","","22.7","22.3","22.5","23","22.7","22.6","23.2","23.7","23.7","23.4","23.3","23.5","23.3","23.2","23.5","23.5","24.1","23.8","24.1","24.2","","","","","","",
"Portugal","PRT","Mortality caused by road traffic injury (per 100,000 population)","SH.STA.TRAF.P5","","","","","","","","","","","","","","","","","","","","","","","","","","","","","","","","","","","","","","","","","19.4","21.5","21.2","19.4","19.1","17.7","16.1","13.1","12.1","12","11.2","10.8","8","7.9","8.5","8.3","7.4","8","9","8.2","","","","","","",
"Paraguay","PRY","Mortality caused by road traffic injury (per 100,000 population)","SH.STA.TRAF.P5","","","","","","","","","","","","","","","","","","","","","","","","","","","","","","","","","","","","","","","","","9.4","11.9","8.9","11.7","12.1","14.5","16.8","17.2","22.6","23.6","24.9","24.3","22.9","23.2","21.8","22","22.6","22.2","22.1","22","","","","","","",
"West Bank and Gaza","PSE","Mortality caused by road traffic injury (per 100,000 population)","SH.STA.TRAF.P5","","","","","","","","","","","","","","","","","","","","","","","","","","","","","","","","","","","","","","","","","","","","","","","","","","","","","","","","","5.3","","","","","","","","","",
"Pacific island small states","PSS","Mortality caused by road traffic injury (per 100,000 population)","SH.STA.TRAF.P5","","","","","","","","","","","","","","","","","","","","","","","","","","","","","","","","","","","","","","","","","12.8322922673375","12.1136479448746","12.112126366829","16.0447437843058","14.3968555777019","13.364342893161","14.7095552627949","12.4802472009333","13.0292555493005","12.3598071342281","11.6819938752728","11.0335471265935","10.6165748191829","10.5862806040282","10.8585418869976","12.0085634285782","12.2639345613436","12.6779889538326","13.3298899898318","14.1619119219635","","","","","","",
"Post-demographic dividend","PST","Mortality caused by road traffic injury (per 100,000 population)","SH.STA.TRAF.P5","","","","","","","","","","","","","","","","","","","","","","","","","","","","","","","","","","","","","","","","","13.7607346043826","13.5203857595568","13.4654880968162","13.0035124525306","12.4176043369968","12.2737606117458","11.9198025385212","11.4361992584531","10.2908175734332","9.16584499474354","8.63284170440465","8.37691969389097","8.20360289612113","7.71825929845948","7.56489340850668","7.76798897692779","7.88703748109007","7.66220307432899","7.49841174582095","7.45810102548656","","","","","","",
"French Polynesia","PYF","Mortality caused by road traffic injury (per 100,000 population)","SH.STA.TRAF.P5","","","","","","","","","","","","","","","","","","","","","","","","","","","","","","","","","","","","","","","","","","","","","","","","","","","","","","","","","","","","","","","","","","",
"Qatar","QAT","Mortality caused by road traffic injury (per 100,000 population)","SH.STA.TRAF.P5","","","","","","","","","","","","","","","","","","","","","","","","","","","","","","","","","","","","","","","","","31.2","27.8","31.7","32.6","29.5","31.8","35.6","23.8","22.8","18.1","15.9","13.3","12.7","14.2","13.4","11.1","9","8.7","8.1","7.3","","","","","","",
"Romania","ROU","Mortality caused by road traffic injury (per 100,000 population)","SH.STA.TRAF.P5","","","","","","","","","","","","","","","","","","","","","","","","","","","","","","","","","","","","","","","","","12.4","13","11.6","11.8","12.3","13.3","13.2","14.4","15.5","14","12","10.4","10.4","9.7","10","10","10.3","10.6","10.2","10.3","","","","","","",
"Russian Federation","RUS","Mortality caused by road traffic injury (per 100,000 population)","SH.STA.TRAF.P5","","","","","","","","","","","","","","","","","","","","","","","","","","","","","","","","","","","","","","","","","27.9","28.8","29.6","31","29.9","28.8","27.5","28.2","25.5","21.7","20.5","21.1","21.4","20.7","20.3","17.5","14.4","13.5","12.9","12","","","","","","",
"Rwanda","RWA","Mortality caused by road traffic injury (per 100,000 population)","SH.STA.TRAF.P5","","","","","","","","","","","","","","","","","","","","","","","","","","","","","","","","","","","","","","","","","38","36.4","37.2","36.9","36.7","37","35.5","34.7","33.6","34.1","34","34","34.2","32.4","29.9","30.2","30.3","30.4","29.9","29.4","","","","","","",
"South Asia","SAS","Mortality caused by road traffic injury (per 100,000 population)","SH.STA.TRAF.P5","","","","","","","","","","","","","","","","","","","","","","","","","","","","","","","","","","","","","","","","","16.1748257623831","16.0487570396593","15.9530715203488","15.6775210833914","15.6740618059698","16.0658911412679","16.398564072582","16.6690595352885","17.0086412507426","16.9201404585279","17.0932669641364","17.2611760306721","17.31461294806","16.794868113899","16.015111319148","15.6063536198862","15.3717077249434","15.2704093483296","15.5411781856994","15.6332866926866","","","","","","",
"Saudi Arabia","SAU","Mortality caused by road traffic injury (per 100,000 population)","SH.STA.TRAF.P5","","","","","","","","","","","","","","","","","","","","","","","","","","","","","","","","","","","","","","","","","17.1","17.1","17.2","17.7","23","25.9","24.8","26","25.7","23.8","24.8","26.1","27","26.3","25","26.2","28.7","30.6","33.2","35.9","","","","","","",
"Sudan","SDN","Mortality caused by road traffic injury (per 100,000 population)","SH.STA.TRAF.P5","","","","","","","","","","","","","","","","","","","","","","","","","","","","","","","","","","","","","","","","","25.5","25.5","25.4","25.7","25.7","25.6","24.9","24.7","24.7","24.2","23.8","21.1","22.2","22.2","24.9","25.1","25.5","26.9","26.1","26.8","","","","","","",
"Senegal","SEN","Mortality caused by road traffic injury (per 100,000 population)","SH.STA.TRAF.P5","","","","","","","","","","","","","","","","","","","","","","","","","","","","","","","","","","","","","","","","","24.8","24.6","24.7","25.2","24.9","24.8","25.3","25.5","25.4","25.5","25.8","25.7","24.7","24.6","24.1","24.1","24.1","23.8","23.7","23.5","","","","","","",
"Singapore","SGP","Mortality caused by road traffic injury (per 100,000 population)","SH.STA.TRAF.P5","","","","","","","","","","","","","","","","","","","","","","","","","","","","","","","","","","","","","","","","","6.5","5.8","6.4","7","6.2","5","5.3","6","5.8","4.4","5.1","4.6","3.5","3.2","3.1","3","2.7","2.5","2.3","2.1","","","","","","",
"Solomon Islands","SLB","Mortality caused by road traffic injury (per 100,000 population)","SH.STA.TRAF.P5","","","","","","","","","","","","","","","","","","","","","","","","","","","","","","","","","","","","","","","","","17.7","18.4","19.1","18.8","18.3","17.5","17.7","17.7","17.5","17.9","17.8","17.4","17.1","17.2","16.9","16.9","16.8","16.7","16.6","16.5","","","","","","",
"Sierra Leone","SLE","Mortality caused by road traffic injury (per 100,000 population)","SH.STA.TRAF.P5","","","","","","","","","","","","","","","","","","","","","","","","","","","","","","","","","","","","","","","","","31.2","32.3","31.3","31.3","31.2","31.5","31.2","30.7","30.5","30.5","30","30","29.3","28.4","28.7","30.4","30.5","31.3","32.2","33","","","","","","",
"El Salvador","SLV","Mortality caused by road traffic injury (per 100,000 population)","SH.STA.TRAF.P5","","","","","","","","","","","","","","","","","","","","","","","","","","","","","","","","","","","","","","","","","35.9","35.3","33.1","35.6","35.6","29.7","32.9","30.9","28.4","24.6","22.3","21.1","19","19","20.4","20.8","22.2","20.6","20.8","20.9","","","","","","",
"San Marino","SMR","Mortality caused by road traffic injury (per 100,000 population)","SH.STA.TRAF.P5","","","","","","","","","","","","","","","","","","","","","","","","","","","","","","","","","","","","","","","","","","","","","","","","","","","","","","3.2","","","0","","","","","","","","","",
"Somalia, Fed. Rep.","SOM","Mortality caused by road traffic injury (per 100,000 population)","SH.STA.TRAF.P5","","","","","","","","","","","","","","","","","","","","","","","","","","","","","","","","","","","","","","","","","27.6","27","26.1","27.2","27.7","27.3","27.4","27.2","27.6","27.5","27.7","27.7","27.1","27","27.2","27.2","27.4","27.4","27.4","27.4","","","","","","",
"Serbia","SRB","Mortality caused by road traffic injury (per 100,000 population)","SH.STA.TRAF.P5","","","","","","","","","","","","","","","","","","","","","","","","","","","","","","","","","","","","","","","","","10.9","13.8","9.4","8","9.1","10","11.5","12.6","11.7","10.7","9","9.7","8.9","8.4","7.5","6.7","7.4","8.6","7.5","7.5","","","","","","",
"Sub-Saharan Africa (excluding high income)","SSA","Mortality caused by road traffic injury (per 100,000 population)","SH.STA.TRAF.P5","","","","","","","","","","","","","","","","","","","","","","","","","","","","","","","","","","","","","","","","","30.0057792030404","29.5971140950354","29.8205010749726","29.7434202104685","29.2797240240488","28.894883395342","28.6741213480122","27.8730386009489","27.4972116881483","27.6354503353393","27.5355889350738","26.9194788330373","26.7432468685253","26.472143508217","26.6943649497699","26.8097323352332","27.1179061069868","27.094303934852","27.1334321170916","27.4240160434851","","","","","","",
"South Sudan","SSD","Mortality caused by road traffic injury (per 100,000 population)","SH.STA.TRAF.P5","","","","","","","","","","","","","","","","","","","","","","","","","","","","","","","","","","","","","","","","","19.2","19.4","19.7","20","20.5","20.9","21.2","21.6","23","24","25.3","27.4","31","31.2","31.9","33.1","33.8","34.7","35.7","36.7","","","","","","",
"Sub-Saharan Africa","SSF","Mortality caused by road traffic injury (per 100,000 population)","SH.STA.TRAF.P5","","","","","","","","","","","","","","","","","","","","","","","","","","","","","","","","","","","","","","","","","30.0038240351652","29.5950821020809","29.8192398260931","29.7420467211864","29.2775399138684","28.892895518309","28.6723915757809","27.8719980047939","27.4950643400297","27.6336705647847","27.5342502460876","26.9180594480043","26.7417563425212","26.4704874819035","26.6930831394989","26.8085371106933","27.1168786908403","27.0929114364364","27.1320595934159","27.4226333951552","","","","","","",
"Small states","SST","Mortality caused by road traffic injury (per 100,000 population)","SH.STA.TRAF.P5","","","","","","","","","","","","","","","","","","","","","","","","","","","","","","","","","","","","","","","","","17.4484445077831","16.7915528350842","17.12164123895","17.5218147951783","17.9163560246864","17.732518523783","17.8638880143671","18.1425236152673","17.2317760221312","16.0607454476463","15.2367634147264","15.6910721170008","14.4932922702503","14.2574450333354","14.2919324057913","14.542571579653","14.8939526447014","14.2703935097698","14.3650391622705","14.2432190924883","","","","","","",
"Sao Tome and Principe","STP","Mortality caused by road traffic injury (per 100,000 population)","SH.STA.TRAF.P5","","","","","","","","","","","","","","","","","","","","","","","","","","","","","","","","","","","","","","","","","12.3","10.1","14.1","14.3","28.8","28.6","27.8","27.1","26.3","26.2","26.6","26","26","26.6","26.6","27.1","27.1","27.4","27.6","27.9","","","","","","",
"Suriname","SUR","Mortality caused by road traffic injury (per 100,000 population)","SH.STA.TRAF.P5","","","","","","","","","","","","","","","","","","","","","","","","","","","","","","","","","","","","","","","","","25.7","12.8","17.8","20.3","29.4","26.4","24.7","25.4","24.4","26.6","19.5","22.2","15.7","14.4","16.3","11.4","14.3","16","15.7","15.3","","","","","","",
"Slovak Republic","SVK","Mortality caused by road traffic injury (per 100,000 population)","SH.STA.TRAF.P5","","","","","","","","","","","","","","","","","","","","","","","","","","","","","","","","","","","","","","","","","15.1","15.1","14.3","15.3","14.5","13.7","13.9","12.5","14.4","9.6","9","8.7","7.9","5.2","6.6","6.4","6.3","6.2","6.1","6.1","","","","","","",
"Slovenia","SVN","Mortality caused by road traffic injury (per 100,000 population)","SH.STA.TRAF.P5","","","","","","","","","","","","","","","","","","","","","","","","","","","","","","","","","","","","","","","","","16.4","15","14.1","13","14.4","13.5","13.7","15.6","11.1","8.9","7.2","7.1","6.6","6.3","5.5","6","6.5","5.2","4.5","5.1","","","","","","",
"Sweden","SWE","Mortality caused by road traffic injury (per 100,000 population)","SH.STA.TRAF.P5","","","","","","","","","","","","","","","","","","","","","","","","","","","","","","","","","","","","","","","","","6.7","7","6.3","6","5.6","5.3","5.3","5.3","4.8","4.1","3","3.4","3.5","3.1","3.2","3.2","3.1","2.7","3.6","3.1","","","","","","",
"Eswatini","SWZ","Mortality caused by road traffic injury (per 100,000 population)","SH.STA.TRAF.P5","","","","","","","","","","","","","","","","","","","","","","","","","","","","","","","","","","","","","","","","","29.9","29.9","29.6","30","30.4","29.9","28.6","28.8","29","29.7","30.1","31","30.5","30.7","31.1","31.5","32.4","32.6","33","33.5","","","","","","",
"Sint Maarten (Dutch part)","SXM","Mortality caused by road traffic injury (per 100,000 population)","SH.STA.TRAF.P5","","","","","","","","","","","","","","","","","","","","","","","","","","","","","","","","","","","","","","","","","","","","","","","","","","","","","","","","","","","","","","","","","","",
"Seychelles","SYC","Mortality caused by road traffic injury (per 100,000 population)","SH.STA.TRAF.P5","","","","","","","","","","","","","","","","","","","","","","","","","","","","","","","","","","","","","","","","","13.6","12.1","19","17.5","9.2","10.2","12.3","17.8","6.6","9.9","14.2","12","10.8","8.6","12.7","13.7","15.7","11.4","11.4","11.3","","","","","","",
"Syrian Arab Republic","SYR","Mortality caused by road traffic injury (per 100,000 population)","SH.STA.TRAF.P5","","","","","","","","","","","","","","","","","","","","","","","","","","","","","","","","","","","","","","","","","22","21.4","20.8","21.9","21.8","21.9","22.6","22.8","22.9","22.7","22.5","22.7","22.1","23","24.8","25.9","27.5","17.1","17.1","14.9","","","","","","",
"Turks and Caicos Islands","TCA","Mortality caused by road traffic injury (per 100,000 population)","SH.STA.TRAF.P5","","","","","","","","","","","","","","","","","","","","","","","","","","","","","","","","","","","","","","","","","","","","","","","","","","","","","","","","","","","","","","","","","","",
"Chad","TCD","Mortality caused by road traffic injury (per 100,000 population)","SH.STA.TRAF.P5","","","","","","","","","","","","","","","","","","","","","","","","","","","","","","","","","","","","","","","","","27","26.6","26.4","26.4","25.1","24.8","24.5","24.6","25","24.9","24.7","24.8","23.7","24","24.6","25.7","27.4","28.9","30.6","32.4","","","","","","",
"East Asia & Pacific (IDA & IBRD countries)","TEA","Mortality caused by road traffic injury (per 100,000 population)","SH.STA.TRAF.P5","","","","","","","","","","","","","","","","","","","","","","","","","","","","","","","","","","","","","","","","","20.7661132656145","21.1001750938248","21.2801120235785","20.5135149200865","20.0949438429929","20.256224266356","20.1320390648268","20.223825004104","19.9185501746157","19.9760304843265","19.8791341625558","20.0796774902031","19.6484284598383","19.1053401353345","18.3991851964759","18.1141815020554","17.9401947613618","17.8808102629492","17.6968842007108","17.5914868219599","","","","","","",
"Europe & Central Asia (IDA & IBRD countries)","TEC","Mortality caused by road traffic injury (per 100,000 population)","SH.STA.TRAF.P5","","","","","","","","","","","","","","","","","","","","","","","","","","","","","","","","","","","","","","","","","18.0007627089934","18.4921215722205","18.896808409069","19.6081556918321","19.6400386279342","19.9452353686521","19.6472195193551","20.6965577800656","18.7999239475341","16.1015596956715","15.2403763583065","15.9200139494377","15.6990141484932","15.2571714573156","14.5904266003594","13.5345195856332","12.379797034512","11.5521634459284","10.910263974645","10.3571728980287","","","","","","",
"Togo","TGO","Mortality caused by road traffic injury (per 100,000 population)","SH.STA.TRAF.P5","","","","","","","","","","","","","","","","","","","","","","","","","","","","","","","","","","","","","","","","","30.1","30.4","30.8","30.9","31","30.9","31.2","31.1","31.3","31.3","31.1","31.1","30.6","30.7","30.3","29.9","29.6","29.2","28.8","28.7","","","","","","",
"Thailand","THA","Mortality caused by road traffic injury (per 100,000 population)","SH.STA.TRAF.P5","","","","","","","","","","","","","","","","","","","","","","","","","","","","","","","","","","","","","","","","","39","39.3","39.2","38.8","38.9","38.9","38.7","38.9","38.9","38.7","38.3","38.2","36.3","36","32.6","32.8","32.5","35.1","32.3","32.2","","","","","","",
"Tajikistan","TJK","Mortality caused by road traffic injury (per 100,000 population)","SH.STA.TRAF.P5","","","","","","","","","","","","","","","","","","","","","","","","","","","","","","","","","","","","","","","","","19.5","19.5","19.2","19","19.1","18.9","18.6","18.5","18.6","18.7","18.7","18.5","18.6","18.6","18.4","18.4","18.2","18","16.1","15.7","","","","","","",
"Turkmenistan","TKM","Mortality caused by road traffic injury (per 100,000 population)","SH.STA.TRAF.P5","","","","","","","","","","","","","","","","","","","","","","","","","","","","","","","","","","","","","","","","","16.1","16.3","16.7","16.8","17.3","17.2","17.1","16.9","16.7","16.7","16.9","16.6","15.9","17","16.3","16.4","14.2","14.6","14.1","13.5","","","","","","",
"Latin America & the Caribbean (IDA & IBRD countries)","TLA","Mortality caused by road traffic injury (per 100,000 population)","SH.STA.TRAF.P5","","","","","","","","","","","","","","","","","","","","","","","","","","","","","","","","","","","","","","","","","17.6352608200947","17.9035885686739","18.0669822758276","17.9671848531019","18.5014573854439","18.5747457226284","18.9512461020535","19.3640891258544","19.8110112355763","19.3988421999473","19.3481919433235","19.4353889525802","19.7608894400098","19.2436585883328","19.1703733648616","18.4838612553648","18.2840358400388","18.0868673716889","17.6124113605091","17.4517702068741","","","","","","",
"Timor-Leste","TLS","Mortality caused by road traffic injury (per 100,000 population)","SH.STA.TRAF.P5","","","","","","","","","","","","","","","","","","","","","","","","","","","","","","","","","","","","","","","","","14.5","14.1","14.5","15","15.3","15.6","15.9","15.2","15.1","15.2","15.3","15.4","14.7","14.8","13","13.1","13.2","12.6","12.2","11.9","","","","","","",
"Middle East, North Africa, Afghanistan & Pakistan (IDA & IBRD)","TMN","Mortality caused by road traffic injury (per 100,000 population)","SH.STA.TRAF.P5","","","","","","","","","","","","","","","","","","","","","","","","","","","","","","","","","","","","","","","","","18.0589658789578","18.5017724715695","19.0371793726564","19.9519127408087","19.7768605599026","19.9454100721878","19.8098319348701","19.0795259148602","19.253624458362","19.1738399806116","19.3115089071243","18.4208792021575","17.1887600014518","16.9172799822269","17.1314946065984","17.0794748032616","16.7579935918115","16.404509074112","16.6112370487096","16.553257947779","","","","","","",
"Tonga","TON","Mortality caused by road traffic injury (per 100,000 population)","SH.STA.TRAF.P5","","","","","","","","","","","","","","","","","","","","","","","","","","","","","","","","","","","","","","","","","13.3","13.2","13.1","13.1","13","13.9","14.7","13.6","17.4","10.6","5.8","8.7","7.8","7.9","5.9","6.9","17.8","17.3","23.9","33","","","","","","",
"South Asia (IDA & IBRD)","TSA","Mortality caused by road traffic injury (per 100,000 population)","SH.STA.TRAF.P5","","","","","","","","","","","","","","","","","","","","","","","","","","","","","","","","","","","","","","","","","16.1748257623831","16.0487570396593","15.9530715203488","15.6775210833914","15.6740618059698","16.0658911412679","16.398564072582","16.6690595352885","17.0086412507426","16.9201404585279","17.0932669641364","17.2611760306721","17.31461294806","16.794868113899","16.015111319148","15.6063536198862","15.3717077249434","15.2704093483296","15.5411781856994","15.6332866926866","","","","","","",
"Sub-Saharan Africa (IDA & IBRD countries)","TSS","Mortality caused by road traffic injury (per 100,000 population)","SH.STA.TRAF.P5","","","","","","","","","","","","","","","","","","","","","","","","","","","","","","","","","","","","","","","","","30.0038240351652","29.5950821020809","29.8192398260931","29.7420467211864","29.2775399138684","28.892895518309","28.6723915757809","27.8719980047939","27.4950643400297","27.6336705647847","27.5342502460876","26.9180594480043","26.7417563425212","26.4704874819035","26.6930831394989","26.8085371106933","27.1168786908403","27.0929114364364","27.1320595934159","27.4226333951552","","","","","","",
"Trinidad and Tobago","TTO","Mortality caused by road traffic injury (per 100,000 population)","SH.STA.TRAF.P5","","","","","","","","","","","","","","","","","","","","","","","","","","","","","","","","","","","","","","","","","13.6","16.1","15","20.3","17.9","19.2","20.1","21","24.8","22.1","20.2","15.9","17.8","14","14.8","13.1","12","11.1","10.2","9.3","","","","","","",
"Tunisia","TUN","Mortality caused by road traffic injury (per 100,000 population)","SH.STA.TRAF.P5","","","","","","","","","","","","","","","","","","","","","","","","","","","","","","","","","","","","","","","","","23.7","23.2","22.9","23.3","23.4","24.1","23.9","23.7","24","23.8","23.9","23.7","22.9","22.8","22.8","22.9","23","21.5","18.7","16.5","","","","","","",
"Turkiye","TUR","Mortality caused by road traffic injury (per 100,000 population)","SH.STA.TRAF.P5","","","","","","","","","","","","","","","","","","","","","","","","","","","","","","","","","","","","","","","","","9","7","6.8","6.6","6.8","6.8","6.9","7.4","6.2","6.3","6.8","11","10.7","10.3","9.6","9.9","9.4","9.4","8.4","6.7","","","","","","",
"Tuvalu","TUV","Mortality caused by road traffic injury (per 100,000 population)","SH.STA.TRAF.P5","","","","","","","","","","","","","","","","","","","","","","","","","","","","","","","","","","","","","","","","","","","","","","","","","","","","","","","","","","","","","","","","","","",
"Tanzania","TZA","Mortality caused by road traffic injury (per 100,000 population)","SH.STA.TRAF.P5","","","","","","","","","","","","","","","","","","","","","","","","","","","","","","","","","","","","","","","","","32.2","32","31.3","30","30.1","29.8","28.8","28.8","28.4","28.7","28.8","28.6","30.3","30.3","30.6","30.8","30.6","30.9","31","31.1","","","","","","",
"Uganda","UGA","Mortality caused by road traffic injury (per 100,000 population)","SH.STA.TRAF.P5","","","","","","","","","","","","","","","","","","","","","","","","","","","","","","","","","","","","","","","","","33.9","33.6","33.3","32.7","32.4","32.5","31.8","31.8","31.7","31.9","32.3","28.4","29.5","29.9","30.2","30.3","30.4","29.9","29.7","29.4","","","","","","",
"Ukraine","UKR","Mortality caused by road traffic injury (per 100,000 population)","SH.STA.TRAF.P5","","","","","","","","","","","","","","","","","","","","","","","","","","","","","","","","","","","","","","","","","13.6","17.8","19.5","20.1","20.6","25.2","25.3","29.5","24.8","17","15.4","15.2","15.5","14.6","13.7","12.9","13.6","10.3","10","10.2","","","","","","",
"Upper middle income","UMC","Mortality caused by road traffic injury (per 100,000 population)","SH.STA.TRAF.P5","","","","","","","","","","","","","","","","","","","","","","","","","","","","","","","","","","","","","","","","","20.1449961652282","20.4748674908744","20.7947083267031","20.4870606811804","20.2927720124844","20.5343823972533","20.5517553894094","20.4532112313495","20.0890304073556","19.8532464203984","19.8163243483232","19.9134187093446","19.506054457493","18.8377395017193","18.287654346526","17.9285366828906","17.7512672012939","17.4899225514981","17.3219179340182","17.1521921973144","","","","","","",
"Uruguay","URY","Mortality caused by road traffic injury (per 100,000 population)","SH.STA.TRAF.P5","","","","","","","","","","","","","","","","","","","","","","","","","","","","","","","","","","","","","","","","","16.8","15.6","12.3","12.2","13.9","12.8","14.5","14.4","15.9","16.5","17.1","17.5","15.6","17.3","16.3","15.3","13.4","14.1","15.8","14.8","","","","","","",
"United States","USA","Mortality caused by road traffic injury (per 100,000 population)","SH.STA.TRAF.P5","","","","","","","","","","","","","","","","","","","","","","","","","","","","","","","","","","","","","","","","","15.7","15.7","16.2","16","15.8","15.7","15.6","14.9","13.4","12.1","11.7","11.6","11.9","11.4","11.3","12.1","12.9","12.8","12.6","12.7","","","","","","",
"Uzbekistan","UZB","Mortality caused by road traffic injury (per 100,000 population)","SH.STA.TRAF.P5","","","","","","","","","","","","","","","","","","","","","","","","","","","","","","","","","","","","","","","","","9.7","9.6","8.2","9.9","12.8","12.9","10","10.3","10.6","12.9","11.3","11.3","10.3","11.6","10.9","11.9","11.5","11.2","10.2","11.7","","","","","","",
"St. Vincent and the Grenadines","VCT","Mortality caused by road traffic injury (per 100,000 population)","SH.STA.TRAF.P5","","","","","","","","","","","","","","","","","","","","","","","","","","","","","","","","","","","","","","","","","4.6","5.6","4.6","10.2","7.4","8.3","12.9","8.2","5.5","7.8","3.7","3.7","5.5","8.3","6.4","6.4","6.4","6.9","7.1","7.4","","","","","","",
"Venezuela, RB","VEN","Mortality caused by road traffic injury (per 100,000 population)","SH.STA.TRAF.P5","","","","","","","","","","","","","","","","","","","","","","","","","","","","","","","","","","","","","","","","","27.4","30","29.9","27.4","28.2","27.2","30.8","36.8","37.7","36.8","31.2","30.1","34.4","35.4","34.5","34.9","35.6","37.8","38.2","39","","","","","","",
"British Virgin Islands","VGB","Mortality caused by road traffic injury (per 100,000 population)","SH.STA.TRAF.P5","","","","","","","","","","","","","","","","","","","","","","","","","","","","","","","","","","","","","","","","","","","","","","","","","","","","","","","","","","","","","","","","","","",
"Virgin Islands (U.S.)","VIR","Mortality caused by road traffic injury (per 100,000 population)","SH.STA.TRAF.P5","","","","","","","","","","","","","","","","","","","","","","","","","","","","","","","","","","","","","","","","","","","","","","","","","","","","","","","","","","","","","","","","","","",
"Viet Nam","VNM","Mortality caused by road traffic injury (per 100,000 population)","SH.STA.TRAF.P5","","","","","","","","","","","","","","","","","","","","","","","","","","","","","","","","","","","","","","","","","24.1","24.2","24.3","24.2","24.9","24.6","24.5","24.3","24.8","24.6","25.6","25.3","25.4","25","24.7","25.4","26.7","27.8","29.2","30.6","","","","","","",
"Vanuatu","VUT","Mortality caused by road traffic injury (per 100,000 population)","SH.STA.TRAF.P5","","","","","","","","","","","","","","","","","","","","","","","","","","","","","","","","","","","","","","","","","14.1","14.3","14.4","14.6","14.2","13.9","13.5","13.7","13.4","13.5","13.5","13.6","13.2","13.2","14.8","15.5","15.4","15.3","15.1","14.9","","","","","","",
"World","WLD","Mortality caused by road traffic injury (per 100,000 population)","SH.STA.TRAF.P5","","","","","","","","","","","","","","","","","","","","","","","","","","","","","","","","","","","","","","","","","19.0997670890962","19.1577132223399","19.2871393840167","19.0502059084437","18.8512925919947","18.9481299868937","18.9176325733759","18.8641047355392","18.6039072082662","18.3036892949595","18.2037198654611","18.198091921601","17.9817967181707","17.5499243351495","17.2017289712083","16.9968877897515","16.878792587026","16.7644243526217","16.7353335851246","16.7488856927408","","","","","","",
"Samoa","WSM","Mortality caused by road traffic injury (per 100,000 population)","SH.STA.TRAF.P5","","","","","","","","","","","","","","","","","","","","","","","","","","","","","","","","","","","","","","","","","14.9","13.7","13.6","13.5","15.1","12.8","12.7","12.6","13.1","29.8","12.9","12.8","12.7","18.4","11.4","11.4","11.3","13","12.9","13","","","","","","",
"Kosovo","XKX","Mortality caused by road traffic injury (per 100,000 population)","SH.STA.TRAF.P5","","","","","","","","","","","","","","","","","","","","","","","","","","","","","","","","","","","","","","","","","","","","","","","","","","","","","","","","","","","","","","","","","","",
"Yemen, Rep.","YEM","Mortality caused by road traffic injury (per 100,000 population)","SH.STA.TRAF.P5","","","","","","","","","","","","","","","","","","","","","","","","","","","","","","","","","","","","","","","","","21.9","22","22","22","22.4","22","21.9","22","22.2","23","23.1","24.1","23.5","23.4","24.3","26","27.3","27.5","28.4","29.4","","","","","","",
"South Africa","ZAF","Mortality caused by road traffic injury (per 100,000 population)","SH.STA.TRAF.P5","","","","","","","","","","","","","","","","","","","","","","","","","","","","","","","","","","","","","","","","","44","38.3","39.9","43.4","41.3","38.1","41.1","32.4","29.5","28.6","28.6","27.8","26.5","22.8","24","24.1","25.8","23.2","22.7","22.2","","","","","","",
"Zambia","ZMB","Mortality caused by road traffic injury (per 100,000 population)","SH.STA.TRAF.P5","","","","","","","","","","","","","","","","","","","","","","","","","","","","","","","","","","","","","","","","","27.4","27.2","26.9","26.2","25.9","25.4","24.9","24.1","23.9","23.8","23.6","20.7","20.4","20.4","20.6","20.9","21.2","20.6","20.5","20.5","","","","","","",
"Zimbabwe","ZWE","Mortality caused by road traffic injury (per 100,000 population)","SH.STA.TRAF.P5","","","","","","","","","","","","","","","","","","","","","","","","","","","","","","","","","","","","","","","","","29.3","29.7","32.4","33.7","34.8","35.3","36.5","36.6","37.5","37.9","37.6","37.4","37.3","37.7","37.9","38.7","39.9","40.1","40.6","41.2","","","","","","",
